mean_brightness,std_brightness,spots_count,total_spot_area,gradient_mean,entropy_mean,lbp_0,lbp_1,lbp_2,lbp_3,lbp_4,lbp_5,lbp_6,lbp_7,lbp_8,label,filename
82.48431396484375,45.6179601593994,1,12507.5,28.511204,1.8239896438426535,0.04766845702834055,0.0668334960896708,0.0357055664040707,0.08081054687006771,0.08837890624460577,0.09667968749409914,0.06182861327747628,0.08557128905727714,0.4365234374733567,0,00 (1).jpg
75.475341796875,45.1179850024794,1,12388.5,31.185297,2.0182945817160878,0.06231689452744648,0.06732177733964101,0.044006347653564065,0.07904052733892575,0.09582519530665129,0.08770751952589675,0.05712890624651313,0.08105468749505282,0.42559814450527356,0,00 (10).jpg
71.07415771484375,39.297361840281155,1,12580.0,25.66629,1.8560847052618663,0.05371093749672174,0.06750488280837982,0.038085937497675415,0.07568359374538064,0.08361816405739635,0.10241699218124896,0.06579589843348413,0.07922363280766458,0.4339599609110132,0,00 (100).jpg
52.71856689453125,32.87630451304541,1,12255.0,20.730003,1.7313530164546815,0.04534912109098211,0.06646728515219316,0.03356933593545109,0.07977294921388105,0.07971191405763477,0.09246826171310618,0.06738281249588728,0.08197021483874693,0.45330810544108224,0,00 (101).jpg
79.02178955078125,45.86436782148747,1,12489.0,29.906647,1.9870721522007444,0.06427001952732726,0.0738525390579924,0.04071044921626523,0.07366943358925357,0.08459472655733674,0.08367919921364263,0.05780029296522215,0.08435058593235165,0.4370727538795732,0,00 (102).jpg
78.64019775390625,46.1266526937564,1,12454.5,29.389559,1.964697249374637,0.0632324218711406,0.0695190429645069,0.04260253905989975,0.07550048827664181,0.08654785155721753,0.08074951171382144,0.05853271484017745,0.08367919921364263,0.43963623044191674,0,00 (103).jpg
82.00115966796875,46.585057047931976,1,12467.5,26.821323,1.89031010838753,0.059326171871379015,0.07470703124544024,0.03924560546635464,0.07550048827664181,0.07977294921388105,0.08465576171358302,0.05572509765284881,0.08612060546349361,0.4449462890353426,0,00 (104).jpg
79.24041748046875,45.78586393901633,1,12282.0,24.29593,1.83256628128083,0.050781249996900556,0.06994628905823082,0.04022216796629503,0.07592773437036573,0.08355712890115008,0.08947753905703872,0.06427001952732726,0.0817871093700081,0.4440307616916485,0,00 (105).jpg
84.875732421875,48.15447491203078,1,12339.5,27.63009,1.8400818238151635,0.054870605465400964,0.06768798827711865,0.035095214841607957,0.07611083983910456,0.08862304686959088,0.08898925780706853,0.06372070312111079,0.08435058593235165,0.44055175778561084,0,00 (106).jpg
85.49505615234375,48.110505122035796,1,12405.0,28.151028,1.8465519832324249,0.052917480465520174,0.07147216796438768,0.03826904296641424,0.07482910155793279,0.08489990233856812,0.08923339843205362,0.06243896483993903,0.08465576171358302,0.44128417966056616,0,00 (107).jpg
83.3673095703125,48.222822866387595,1,12455.5,36.164345,1.9910519466942418,0.05377197265296802,0.06713867187090218,0.04193115234119073,0.08776855468214304,0.10791015624341369,0.09259033202559873,0.06121826171501353,0.08227539061997831,0.4053955077877566,0,00 (108).jpg
85.49212646484375,48.07619086863197,1,12404.0,26.62675,1.7703822380842462,0.05224609374681115,0.0639648437460959,0.03576660156031698,0.07812499999523163,0.0791625976514183,0.09393310546301678,0.05957031249636412,0.08776855468214304,0.44946289059756694,0,00 (109).jpg
76.600341796875,44.07874744642451,1,12651.5,32.383743,2.073115287727879,0.06152343749624491,0.07281494140180572,0.04443359374728799,0.08197021483874693,0.09637451171286776,0.09008789061950147,0.06140136718375236,0.08032226562009752,0.4110717773186602,0,00 (11).jpg
86.74853515625,46.99047103372577,1,12624.5,27.553286,1.8274635269551691,0.05224609374681115,0.06750488280837982,0.03857421874764561,0.0796508789013885,0.08508300780730695,0.0931396484318152,0.06158447265249118,0.08416748046361282,0.4380493163795136,0,00 (110).jpg
85.60760498046875,48.04786221827464,1,12421.5,26.731346,1.7731991947266599,0.05206298827807233,0.06671142577717826,0.03637695312277973,0.07452392577670142,0.07653808593282849,0.09118652343193441,0.06030273437131941,0.08752441405715793,0.45477294919099287,0,00 (111).jpg
60.96929931640625,36.83433731740749,1,12418.5,23.99956,1.6992972980249634,0.030029296873167157,0.050598144528161734,0.029113769529473036,0.0931396484318152,0.11779785155531018,0.12780761717969924,0.07073974608943238,0.07635498046408966,0.40441894528781624,0,00 (112).jpg
75.73626708984375,43.87668419723062,1,12479.0,28.660686,1.8589650729656564,0.03674316406025738,0.05389404296546057,0.03967285156007856,0.09832763671274855,0.11743164061783254,0.12036132811765372,0.07177734374561906,0.07788085937024652,0.3839111327890679,0,00 (113).jpg
81.8509521484375,45.06478357133977,1,12562.0,31.336958,1.9872662279668305,0.056335449215311556,0.06604003905846924,0.04370117187233269,0.08288574218244106,0.10406494139989837,0.09143066405691952,0.06030273437131941,0.08605957030724734,0.40917968747502564,0,00 (114).jpg
79.19732666015625,45.98207807487307,1,12248.0,29.519615,1.9351747762489473,0.05230712890305742,0.0685424804645665,0.040954589841250326,0.08197021483874693,0.10070800780635326,0.09197998046313599,0.05957031249636412,0.07714843749529122,0.42681884763019906,0,00 (115).jpg
78.4755859375,44.717827500185706,1,12387.5,30.301155,1.950363168666346,0.05389404296546057,0.06860351562081277,0.04071044921626523,0.08386230468238146,0.09637451171286776,0.09295654296307639,0.057739257808975875,0.08166503905751556,0.4241943359116092,0,00 (116).jpg
67.31842041015625,40.02489444504416,1,12162.5,22.276806,1.7542206425967257,0.04797363280957192,0.0639648437460959,0.034362792966652664,0.07934570312015712,0.07806396483898535,0.10333251952494309,0.06414794921483472,0.0798950195263736,0.4489135741913505,0,00 (117).jpg
82.6939697265625,49.500633506471935,1,12395.5,36.791203,1.9031907705990183,0.03143310546683147,0.04418945312230289,0.033874511716682466,0.10504150389983877,0.15386962889685854,0.14099121092889458,0.072875976558052,0.06481933593354373,0.35290527341596034,0,00 (118).jpg
88.04345703125,47.28778861721858,1,12670.0,30.53878,1.8948150459388962,0.05010986327819154,0.07189941405811161,0.03894042968512326,0.07952880858889594,0.08612060546349361,0.09716796874406934,0.06658935546468571,0.08465576171358302,0.4249877929428108,0,00 (119).jpg
71.89642333984375,41.78941612068183,1,12394.5,28.97623,1.9273598251916364,0.05548095702786371,0.06488037108979001,0.041137695309989154,0.08129882812003791,0.09985351561890542,0.09088134765070303,0.06304931640240177,0.07684326171405986,0.42657470700521394,0,00 (12).jpg
75.66070556640625,46.55056924424355,1,12121.5,29.3126,1.9449806091750226,0.06011962890258059,0.06860351562081277,0.04144287109122053,0.07757568358901515,0.0938720703067705,0.08343505858865753,0.05590820312158763,0.08007812499511242,0.4389648437232077,0,00 (120).jpg
72.6744384765625,42.60187945080982,1,12385.0,26.553905,1.8752101444340998,0.05419921874669194,0.06890869140204414,0.04028320312254131,0.07495117187042534,0.08801269530712813,0.09204101561938226,0.06341552733987942,0.08459472655733674,0.4335937499735355,0,00 (121).jpg
23.01898193359375,16.735102795175873,2,5680.5,10.966965,1.2302071660608735,0.021301269529949873,0.04443359374728799,0.01684570312397182,0.06835937499582767,0.057739257808975875,0.12890624999213218,0.0460815429659374,0.07934570312015712,0.5369873046547249,0,00 (122).jpg
70.55084228515625,40.9623177757563,1,12636.5,36.36284,2.092753091801585,0.0685424804645665,0.07220458983934298,0.04479980468476564,0.07861328124520182,0.0931396484318152,0.08538818358853832,0.052185058590564874,0.07928466796391084,0.4258422851302586,0,00 (123).jpg
80.2171630859375,45.18327433516999,1,12466.0,26.06756,1.8212598965129725,0.05175781249684095,0.07397460937048495,0.0357055664040707,0.07196044921435787,0.07781982421400026,0.08978271483827009,0.0639648437460959,0.08526611327604577,0.44976806637879835,0,00 (124).jpg
81.96337890625,44.366428823511846,1,12673.5,26.940962,1.8516984697155912,0.05419921874669194,0.07153320312063396,0.03662109374776482,0.07501220702667162,0.08129882812003791,0.09399414061926305,0.06469726562105119,0.09075927733821049,0.43188476559863986,0,00 (125).jpg
75.85052490234375,45.012089396773725,1,12367.0,28.655186,1.8981077399761397,0.04858398437203467,0.06506347655852884,0.04022216796629503,0.083984374994874,0.09954833983767405,0.09710693358782306,0.06390380858984962,0.08172607421376184,0.4198608398181237,0,00 (126).jpg
65.689697265625,39.266365222655594,1,12333.5,25.913662,1.801838284893656,0.03894042968512326,0.05999755859008804,0.0361938476540409,0.09039306640073284,0.10382080077491328,0.11376953124305605,0.06536865233976022,0.0806274414013289,0.41088867184992134,0,00 (127).jpg
31.76177978515625,22.463388760944632,1,7844.5,16.125816,1.6951123104162003,0.04376220702857896,0.06463623046480492,0.032897949216742065,0.07257080077682063,0.08654785155721753,0.09552001952541991,0.06799316405835003,0.08526611327604577,0.450805664034985,0,00 (128).jpg
30.85247802734375,22.646590666379616,2,7606.0,15.21599,1.6632796265977228,0.04589843749719858,0.06463623046480492,0.032226562498033046,0.07379150390174612,0.07836914062021673,0.09472656249421835,0.06378173827735707,0.08160400390126929,0.46496582028412076,0,00 (129).jpg
72.16680908203125,41.47938493320728,1,12463.0,28.685791,1.9396520391087253,0.05468749999666214,0.06579589843348413,0.04260253905989975,0.07904052733892575,0.09515380858794227,0.09735107421280816,0.06719970702714845,0.07800292968273907,0.42016601559935507,0,00 (13).jpg
77.30682373046875,44.389110183137994,1,12630.0,31.222202,2.049713429588709,0.05883789062140882,0.06738281249588728,0.04675292968464643,0.08557128905727714,0.10369873046242073,0.09997558593139798,0.06103515624627471,0.08111572265129909,0.39562988278835265,0,00 (130).jpg
75.494140625,45.85633869679891,1,12280.0,29.23196,1.9919431529352822,0.05603027343408018,0.06365966796486452,0.04815673827831075,0.08483886718232185,0.10113525390007719,0.0928955078068301,0.06121826171501353,0.07806396483898535,0.4140014648184813,0,00 (131).jpg
82.1800537109375,47.75469010831151,1,12420.5,30.388628,1.9791599336525205,0.060424804683811964,0.06793212890210375,0.043090820309869944,0.08294677733868733,0.09710693358782306,0.08813476561962068,0.05859374999642372,0.08087158202631399,0.4208984374743104,0,00 (132).jpg
63.90057373046875,39.7102535619213,1,12423.5,23.652706,1.6925627202685622,0.02758789062331617,0.0523681640593037,0.029907226560674606,0.09686279296283797,0.10705566405596584,0.1307983398357667,0.0678100585896112,0.08099365233880654,0.40661621091268213,0,00 (133).jpg
83.24169921875,47.58261657209522,1,12400.5,30.423288,1.8134031802469182,0.030517578123137355,0.05535888671537116,0.035461425779085606,0.098205566400256,0.11730957030533999,0.12738037108597533,0.07440185546420887,0.07269287108931317,0.38867187497627737,0,00 (134).jpg
62.0462646484375,42.82348665156035,1,12218.0,31.172882,1.9996631678944596,0.054382324215430766,0.06671142577717826,0.04980468749696016,0.08209228515123948,0.10180664061878622,0.0834960937449038,0.056701660152789206,0.07446289062045515,0.4305419921612218,0,00 (135).jpg
62.87237548828125,42.3895999296862,1,12397.5,31.844332,2.028873204310626,0.057006835934020575,0.06719970702714845,0.04626464843467623,0.08587646483850851,0.09979248046265915,0.08941650390079245,0.05755615234023705,0.07958984374514222,0.4172973632557802,0,00 (136).jpg
47.714599609375,30.602669900116044,1,12318.0,26.510975,1.902944979185324,0.041992187497437,0.061340332027506085,0.04479980468476564,0.09405517577550933,0.1032714843686968,0.10754394530593604,0.06561279296474531,0.07489013671417907,0.40649414060018957,0,00 (137).jpg
73.7432861328125,43.038809547747356,1,12645.0,31.101856,1.8638158499597002,0.03515624999785423,0.056457519527804104,0.039184570310108364,0.09863281249397993,0.11456298827425762,0.11932373046146706,0.0678100585896112,0.08056640624508261,0.3883056640387997,0,00 (138).jpg
73.51458740234375,42.87973913655061,1,12269.0,24.770271,1.8268602742607936,0.05395507812170684,0.06500244140228256,0.03833007812266052,0.07934570312015712,0.08129882812003791,0.09594726561914384,0.057922363277714696,0.0825195312449634,0.4456787109102979,0,00 (139).jpg
73.53521728515625,43.11908196459415,1,12494.0,26.953419,1.9552121717103945,0.05407714843419939,0.06652832030843943,0.04425048827854916,0.07940673827640339,0.09826660155650228,0.10241699218124896,0.06469726562105119,0.08148193358877674,0.4088745116937943,0,00 (14).jpg
74.40484619140625,42.34355804212457,1,12407.0,25.31166,1.8533129520842198,0.054138183590445664,0.06958007812075316,0.036682128904011096,0.07690429687030613,0.0827636718699485,0.09594726561914384,0.06365966796486452,0.08337402343241125,0.4369506835670806,0,00 (140).jpg
75.3721923828125,49.27621668155302,1,12382.0,37.192795,2.046731610303582,0.06103515624627471,0.06744384765213356,0.045593261715967205,0.08068847655757516,0.0955810546816662,0.08605957030724734,0.051147460934378206,0.08135986327628418,0.43109130856743827,0,00 (141).jpg
76.051025390625,48.76031875892539,1,12541.5,38.13378,2.0729433601171436,0.060424804683811964,0.06884765624579788,0.049560546871975066,0.0796508789013885,0.10083007811884581,0.0888061523383297,0.05340576171549037,0.07885742187018692,0.4196166991931386,0,00 (142).jpg
93.630126953125,51.31555483049957,1,12539.0,28.222652,1.8442929980447913,0.05072021484065428,0.06658935546468571,0.036499023435272275,0.08392333983862772,0.08575439452601596,0.09973144530641287,0.0661010742147155,0.08489990233856812,0.42578124997401234,0,00 (143).jpg
93.6702880859375,51.169317025904064,1,12553.5,28.677895,1.8478660420437005,0.053466796871736645,0.06719970702714845,0.03875732421638444,0.07934570312015712,0.08135986327628418,0.0946044921817258,0.06317138671489432,0.08801269530712813,0.43408203122350575,0,00 (144).jpg
73.20697021484375,42.73621251476915,1,12319.5,26.098652,1.8416769413698812,0.05157470702810213,0.06408691405858845,0.03887939452887699,0.08135986327628418,0.08435058593235165,0.09637451171286776,0.06616210937096179,0.0789184570264332,0.4382934570044987,0,00 (145).jpg
66.380126953125,52.475106036095895,1,12199.5,40.199234,2.110891085102133,0.044006347653564065,0.059875488277595486,0.04772949218458682,0.1032714843686968,0.13714599608537928,0.11773681639906391,0.06292724608990923,0.07208251952685044,0.3552246093533188,0,00 (146).jpg
82.0941162109375,50.173915595669214,1,12190.0,32.28548,1.9754517532089366,0.051879882809333505,0.06329345702738687,0.04766845702834055,0.08734130858841911,0.10418701171239093,0.09252929686935246,0.060058593746334314,0.07525634765165672,0.4177856445057504,0,00 (147).jpg
64.34759521484375,42.264093841583914,1,12445.5,36.245613,2.0759912679993233,0.06561279296474531,0.0661010742147155,0.04858398437203467,0.08190917968250065,0.09503173827544972,0.08154296874502301,0.0528564453092739,0.0774536132765226,0.4309082030986994,0,00 (148).jpg
68.857177734375,39.853578594656234,1,12505.0,25.75092,1.8823843271103677,0.057922363277714696,0.07073974608943238,0.03979492187257111,0.07324218749552965,0.08166503905751556,0.08728027343217283,0.06280517577741668,0.08477783202607557,0.44177246091053635,0,00 (149).jpg
95.372314453125,51.570888807326966,1,12621.0,29.00147,1.711155928712922,0.0316162109355703,0.05456542968416959,0.03247070312301815,0.09277343749433756,0.10638427733725682,0.12536621092984826,0.06958007812075316,0.08105468749505282,0.40618896481895816,0,00 (15).jpg
82.3538818359375,47.46045986971293,1,12428.0,29.304146,1.9378590406890528,0.056152343746572735,0.07354736327676102,0.0412597656224817,0.0781860351514779,0.08972167968202382,0.08697509765094145,0.055053710934139785,0.0842285156198591,0.4348754882547073,0,00 (150).jpg
96.14007568359375,50.858526254382454,1,12632.5,28.729939,1.54725633207666,0.025085449217218905,0.049011230465758594,0.023681640623554587,0.08825683593211323,0.0878295898383893,0.14691162108478323,0.07067871093318612,0.08044433593259007,0.4281005859113708,0,00 (151).jpg
59.7872314453125,39.7813422776221,1,12302.0,25.913607,1.902487259060078,0.04907226562200487,0.06561279296474531,0.041687011716205626,0.08544921874478459,0.09222412108812109,0.10052490233761445,0.06329345702738687,0.07879638671394065,0.4233398437241614,0,00 (152).jpg
57.80975341796875,31.65338284596915,1,12532.5,18.964996,1.488895200845651,0.028869628904487937,0.052734374996781345,0.02435302734226361,0.07702636718279868,0.0736083984330073,0.13269042967940123,0.0680541992145963,0.08813476561962068,0.45452880856600775,0,00 (153).jpg
59.90142822265625,33.7384201475696,1,12604.5,26.380001,1.9325489364110053,0.05426025390293822,0.07165527343312651,0.03930664062260091,0.07788085937024652,0.09899902343145758,0.09606933593163638,0.061645507808737454,0.08245849608871714,0.4177246093495041,0,00 (154).jpg
63.55706787109375,36.11100494071581,1,12440.5,21.90203,1.7299098571922902,0.03497314452911541,0.05883789062140882,0.03265380859175697,0.08795166015088185,0.09930419921268895,0.11956787108645216,0.06848144530832022,0.08013916015135869,0.41809082028698175,0,00 (155).jpg
59.40887451171875,35.5197440672976,1,12389.5,27.306875,2.0083774418905245,0.056091308590326454,0.06964111327699944,0.04443359374728799,0.0842285156198591,0.09112548827568814,0.08947753905703872,0.06616210937096179,0.07775878905775398,0.4210815429430492,0,00 (156).jpg
72.27886962890625,40.22839522057824,1,12558.5,27.954983,1.8822053378107115,0.04602050780969113,0.0661010742147155,0.038085937497675415,0.08087158202631399,0.10009765624389053,0.10339355468118935,0.07012939452696965,0.08245849608871714,0.4128417968498021,0,00 (157).jpg
58.19561767578125,34.32351795203732,1,12276.5,21.543137,1.7220140904192403,0.03271484374800324,0.05780029296522215,0.03216552734178677,0.09008789061950147,0.09899902343145758,0.11645507811789214,0.07586669921411947,0.0764770507765822,0.4194335937243998,0,00 (158).jpg
53.7613525390625,31.116848055936885,1,12444.0,18.13714,1.6719170410296749,0.039184570310108364,0.06622314452720805,0.03271484374800324,0.0779418945264928,0.0757446289016269,0.10247802733749524,0.07196044921435787,0.08282470702619478,0.45092773434747757,0,00 (159).jpg
94.6900634765625,52.198370956978884,1,12510.0,28.557426,1.7023343037461336,0.03124999999809265,0.05725097655900568,0.03314208984172717,0.09191894530688971,0.09802246093151719,0.12011718749266863,0.07031249999570846,0.08380126952613517,0.41418457028722017,0,00 (16).jpg
54.13330078125,31.16574273082896,1,12459.0,19.78659,1.680758833905964,0.04064941406001896,0.0634765624961257,0.032897949216742065,0.07592773437036573,0.07952880858889594,0.10437011718112975,0.06768798827711865,0.0832519531199187,0.4522094726286493,0,00 (160).jpg
54.1822509765625,30.855355551705557,1,12537.5,19.148056,1.710842043828245,0.03894042968512326,0.06903076171453669,0.03265380859175697,0.07885742187018692,0.07940673827640339,0.10675048827473446,0.07305908202679083,0.0837402343698889,0.43756103512954336,0,00 (161).jpg
70.7471923828125,41.22653131427782,1,12245.5,28.569939,1.76163809380032,0.03430175781040638,0.054504394527923314,0.0313720703105852,0.07922363280766458,0.12591552733606473,0.12048339843014627,0.06884765624579788,0.0757446289016269,0.40960693356874955,0,00 (162).jpg
56.66888427734375,32.09879377928774,1,12570.5,22.721468,1.854757274527,0.050231933590684084,0.07293701171429828,0.03857421874764561,0.07373046874549985,0.08282470702619478,0.09509277343169599,0.06738281249588728,0.087097167963434,0.43212890622362493,0,00 (163).jpg
55.22406005859375,33.01270440407165,1,12241.5,21.52901,1.7894062630977992,0.04638671874716878,0.06884765624579788,0.0369262695289962,0.0786743164014481,0.08032226562009752,0.09039306640073284,0.06475830077729747,0.08453369140109047,0.4491577148163356,0,00 (164).jpg
55.242431640625,33.95166984262702,1,12058.0,21.01018,1.747020331609698,0.04260253905989975,0.06823730468333512,0.036437988279026,0.07666015624532103,0.0885620117133446,0.09381103515052423,0.06457519530855864,0.08215332030748576,0.4469604491914697,0,00 (165).jpg
66.00909423828125,36.92397572327226,1,12386.0,22.806103,1.6728135267161965,0.03826904296641424,0.06231689452744648,0.03070068359187618,0.08361816405739635,0.078430175776463,0.10705566405596584,0.06414794921483472,0.08471679686982929,0.45074462887873873,0,00 (166).jpg
66.11175537109375,36.92955145937922,1,12393.0,21.652664,1.655482381915482,0.037902832028936594,0.060607910152550785,0.03173828124806285,0.08081054687006771,0.07940673827640339,0.10919189452458546,0.06268310546492413,0.0834960937449038,0.4541625976285301,0,00 (167).jpg
56.165283203125,33.07605317699577,1,12669.0,22.948675,1.8281156274801624,0.046874999997138976,0.0675659179646261,0.0357055664040707,0.07885742187018692,0.09204101561938226,0.10052490233761445,0.06744384765213356,0.08679199218220264,0.4241943359116092,0,00 (168).jpg
82.94049072265625,49.741404635482034,1,12198.5,30.845093,1.9290406754511518,0.05316162109050527,0.06628417968345433,0.042968749997377396,0.083984374994874,0.09374999999427795,0.09259033202559873,0.0574340820277445,0.07775878905775398,0.43206787106737865,0,00 (17).jpg
75.86505126953125,44.30484291513374,1,12326.0,27.83734,1.8730937380509487,0.04058837890377268,0.058654785152669996,0.04156494140371308,0.09301757811932265,0.11010742186827957,0.10455322264986858,0.06744384765213356,0.07775878905775398,0.4063110351314507,0,00 (18).jpg
64.34918212890625,38.58903954129668,1,12465.5,35.36835,1.9551014227942192,0.03253173827926442,0.05090332030939311,0.035278320310346785,0.10546874999356269,0.1559448242092319,0.13018798827330394,0.06915283202702925,0.06463623046480492,0.3558959960720278,0,00 (19).jpg
81.83831787109375,46.14954032564245,1,12377.5,26.955204,1.7897294417157652,0.04583740234095231,0.06671142577717826,0.03344726562295854,0.08184814452625438,0.08593749999475479,0.09490966796295718,0.06207275390246138,0.08483886718232185,0.44439697262912614,0,00 (2).jpg
80.87335205078125,45.456469968059714,1,12407.5,22.549042,1.6416013309910826,0.04003906249755621,0.06372070312111079,0.028198242185778915,0.07934570312015712,0.07348632812051475,0.1035156249936819,0.0668334960896708,0.08233642577622458,0.46252441403426975,0,00 (20).jpg
78.29864501953125,45.228526533835264,1,12376.5,26.70304,1.8489274784648466,0.05511474609038606,0.06823730468333512,0.037536621091458944,0.07885742187018692,0.08221435546373203,0.08972167968202382,0.06158447265249118,0.08666992186971009,0.44006347653564065,0,00 (21).jpg
77.57379150390625,44.93527299255579,1,12411.5,26.683086,1.8852753906848474,0.05822753905894607,0.0723876953080818,0.03857421874764561,0.07177734374561906,0.07922363280766458,0.08972167968202382,0.06256103515243158,0.08392333983862772,0.4436035155979246,0,00 (22).jpg
72.081787109375,42.59478200934274,1,12418.5,25.522963,1.8650654979966583,0.0523681640593037,0.0670776367146559,0.03906249999761582,0.07537841796414926,0.08740234374466538,0.09545898436917365,0.06304931640240177,0.0796508789013885,0.44055175778561084,0,00 (23).jpg
72.8037109375,41.867009450993365,1,12555.5,25.979973,1.873681295736536,0.05004882812194526,0.06512451171477511,0.040100097653802486,0.0806274414013289,0.08923339843205362,0.09863281249397993,0.064208984371081,0.08331298827616497,0.42871093747383354,0,00 (24).jpg
86.3135986328125,47.83041096953575,1,12559.5,31.648708,1.9169047085540414,0.053283691402997824,0.06909179687078297,0.04138183593497425,0.08343505858865753,0.08959960936953128,0.09521484374418855,0.05871582030891627,0.08221435546373203,0.42706298825518413,0,00 (25).jpg
81.14068603515625,46.81926029622431,1,12437.5,29.235561,1.9913909776993908,0.06195068358996883,0.06939697265201435,0.04388427734107152,0.07769775390150771,0.08819580077586696,0.09075927733821049,0.06091308593378216,0.08221435546373203,0.4249877929428108,0,00 (26).jpg
43.33343505859375,29.39216528505057,1,12299.5,24.480791,1.7521612477375519,0.039367675778847186,0.06030273437131941,0.03356933593545109,0.08642578124472498,0.09368896483803167,0.10687255858722701,0.06176757812123,0.07727050780778379,0.4407348632543497,0,00 (27).jpg
38.39215087890625,22.42043961896609,1,12610.0,19.491543,1.8147669500226518,0.04107666015374288,0.06463623046480492,0.03356933593545109,0.08703613280718774,0.10131835936881602,0.10412597655614465,0.06787109374585748,0.08154296874502301,0.41882324216193706,0,00 (28).jpg
77.980712890625,43.10795767287244,1,12613.0,28.901749,1.9564136294793286,0.05822753905894607,0.06939697265201435,0.0412597656224817,0.08074951171382144,0.09204101561938226,0.098205566400256,0.05993652343384177,0.0837402343698889,0.41644287106833233,0,00 (29).jpg
73.67333984375,39.76013262877708,1,12690.5,25.870426,1.8125977528786024,0.03302001952923462,0.055419921871617435,0.03460693359163776,0.09881591796271876,0.11035156249326468,0.13403320311681927,0.07049560546444729,0.08135986327628418,0.38189697263294087,0,00 (3).jpg
79.09356689453125,46.40284970309775,1,12059.0,24.946718,1.6912065714348157,0.03637695312277973,0.06256103515243158,0.032226562498033046,0.08129882812003791,0.08551025390103087,0.10815429686839878,0.06573486327723786,0.08093261718256026,0.4472045898164548,0,00 (30).jpg
75.7227783203125,49.71289571810692,1,12451.5,32.899998,1.911025538109598,0.042968749997377396,0.0569458007777743,0.036315917966533454,0.08526611327604577,0.1411743163976334,0.1040039062436521,0.05895996093390137,0.0714111328081414,0.4029541015379056,0,00 (31).jpg
76.78997802734375,44.24664281104664,1,12477.0,26.520939,1.863428078549073,0.048828124997019766,0.0668334960896708,0.03942871093509346,0.08355712890115008,0.08898925780706853,0.0991821289001964,0.06463623046480492,0.08129882812003791,0.42724609372392297,0,00 (32).jpg
77.19775390625,43.755516726219795,1,12581.0,26.827272,1.8907996686357174,0.05084228515314683,0.06573486327723786,0.04278564452863857,0.08190917968250065,0.08892822265082224,0.09503173827544972,0.06634521483970061,0.08264160155745595,0.42578124997401234,0,00 (33).jpg
49.10198974609375,38.14321940359253,1,12459.5,30.105846,1.8682155896588253,0.03234863281052559,0.04748535155960172,0.038452148435153065,0.10119628905632347,0.13098144530450553,0.13269042967940123,0.07275390624555945,0.07324218749552965,0.3708496093523651,0,00 (34).jpg
84.84197998046875,48.44364243196181,1,12532.0,31.24519,1.9933155510156069,0.053100585934258995,0.0632324218711406,0.047912597653325645,0.08825683593211323,0.09924316405644268,0.09881591796271876,0.064208984371081,0.07678222655781358,0.40844726560007033,0,00 (35).jpg
74.95355224609375,40.54125506969029,1,12685.0,28.509237,1.8737117908470116,0.05194091796557978,0.06512451171477511,0.037231445310227575,0.08001708983886614,0.09332275390055403,0.10418701171239093,0.06652832030843943,0.0832519531199187,0.41839599606821315,0,00 (36).jpg
103.08056640625,61.03712891929333,1,12503.0,42.298267,2.0639827059316804,0.052795410153027626,0.06011962890258059,0.05010986327819154,0.09454345702547952,0.11456298827425762,0.10266113280623405,0.06231689452744648,0.07397460937048495,0.38891601560126243,0,00 (37).jpg
78.0225830078125,44.80186663164419,1,12619.0,32.843964,2.0868692952646897,0.06500244140228256,0.07135009765189514,0.047912597653325645,0.0817871093700081,0.09509277343169599,0.08544921874478459,0.061279296871259804,0.08270263671370223,0.40942382810001077,0,00 (38).jpg
67.5172119140625,42.83075222970657,1,12176.5,31.015146,1.868196875300522,0.05126953124687075,0.06170654296498373,0.04107666015374288,0.08056640624508261,0.0938720703067705,0.09429931640049442,0.06158447265249118,0.07830810546397045,0.4373168945045583,0,00 (39).jpg
91.71014404296875,49.843414767963125,1,12687.0,29.0083,1.9051129905023423,0.04711914062212408,0.06433105468357354,0.039550781247586014,0.09057617186947167,0.100646972650107,0.10534667968107014,0.072875976558052,0.08233642577622458,0.3972167968507558,0,00 (4).jpg
63.9515380859375,37.75461698377197,1,12333.0,23.25441,1.6841896899465614,0.028442382810764014,0.05206298827807233,0.027160644529592246,0.09454345702547952,0.1131591796805933,0.12786865233594552,0.06726074218339473,0.07696533202655241,0.41253662106857075,0,00 (40).jpg
77.7806396484375,45.18815348097925,1,12417.0,27.364521,1.9025405244147837,0.04693603515338525,0.06689453124591709,0.04266357421614602,0.08593749999475479,0.09924316405644268,0.10174560546253994,0.05749511718399077,0.08380126952613517,0.4152832030996531,0,00 (41).jpg
78.2371826171875,44.89943482200852,1,12494.0,28.192345,1.9335869329870503,0.049194335934497416,0.06536865233976022,0.043823242184825244,0.08679199218220264,0.10217285155626386,0.09857177733773366,0.06243896483993903,0.0817871093700081,0.4098510741937347,0,00 (42).jpg
87.40802001953125,50.383063498905614,1,12485.5,33.99966,1.9180173287143059,0.03253173827926442,0.054504394527923314,0.04052734374752641,0.10070800780635326,0.13085937499201297,0.12701416014849767,0.06958007812075316,0.07263183593306691,0.3716430663835667,0,00 (43).jpg
73.92791748046875,45.4605097978788,1,12016.0,24.94173,1.823266657766674,0.05535888671537116,0.06457519530855864,0.03839111327890679,0.07189941405811161,0.08111572265129909,0.09033203124448656,0.061889648433722556,0.07739257812027633,0.4590454101282321,0,00 (44).jpg
75.45684814453125,47.00624302190675,1,11946.0,33.602425,1.8924024183079984,0.04821777343455702,0.06335449218363315,0.042968749997377396,0.0852050781197995,0.09838867186899483,0.09234619140061363,0.06256103515243158,0.075317382807903,0.43164062497365474,0,00 (45).jpg
29.56695556640625,20.393331581838577,1,11642.0,17.573938,1.5689104553607007,0.0311279296856001,0.056457519527804104,0.023925781248539685,0.07769775390150771,0.08673095702595636,0.12567138671107964,0.0678100585896112,0.08843994140085205,0.442138671848014,0,00 (46).jpg
84.25390625,48.2809540279662,1,12425.5,31.95867,1.9732517824970912,0.05224609374681115,0.06964111327699944,0.04748535155960172,0.08221435546373203,0.09478759765046463,0.09307861327556893,0.06463623046480492,0.0827636718699485,0.4131469726310335,0,00 (47).jpg
79.7259521484375,45.01325320593152,1,12544.5,31.12267,2.0592716230065475,0.06335449218363315,0.06970214843324572,0.04418945312230289,0.08123779296379163,0.0936279296817854,0.09783935546277836,0.054748535152908416,0.08239746093247086,0.4129028320060484,0,00 (48).jpg
78.43731689453125,45.886516154242976,1,12341.0,30.968773,2.035913304005329,0.06079101562128961,0.07116699218315631,0.04516601562224328,0.07922363280766458,0.09448242186923325,0.09020996093199402,0.05566406249660254,0.07788085937024652,0.4254150390365347,0,00 (49).jpg
67.309326171875,42.31198527123055,1,12350.5,28.19951,1.791620557525774,0.025634765623435377,0.044372558591041715,0.03179931640430912,0.10168457030629366,0.14099121092889458,0.1406860351476632,0.07226562499558925,0.0695190429645069,0.373046874977231,0,00 (5).jpg
70.01214599609375,43.05520179712534,1,12647.5,32.381126,1.956562549503725,0.045776367184706034,0.06030273437131941,0.044921874997258186,0.0938720703067705,0.11071777343074232,0.10290527343121916,0.06597900390222296,0.07611083983910456,0.39941406247562167,0,00 (50).jpg
78.370361328125,43.833325120054255,1,12585.0,26.399225,1.873409986067216,0.04785156249707937,0.062011718746215104,0.0412597656224817,0.08209228515123948,0.09710693358782306,0.11016845702452585,0.06750488280837982,0.08081054687006771,0.4111938476311527,0,00 (51).jpg
40.6429443359375,25.52066127430402,1,12425.0,24.072716,1.8431406631994998,0.03979492187257111,0.06036376952756568,0.03680419921650365,0.08740234374466538,0.11334228514933213,0.11279296874311566,0.06481933593354373,0.07977294921388105,0.40490722653778644,0,00 (52).jpg
77.9527587890625,44.61784578842012,1,12509.5,28.997246,1.9951052987122349,0.061279296871259804,0.06634521483970061,0.05047607421566919,0.07690429687030613,0.09326171874430775,0.09063720702571794,0.05639648437155783,0.08605957030724734,0.4186401366931982,0,00 (53).jpg
74.0738525390625,41.35845903431484,1,12604.0,28.050373,1.9909658154147363,0.061889648433722556,0.06976318358949199,0.04046630859128013,0.07952880858889594,0.08984374999451637,0.08941650390079245,0.059326171871379015,0.0842285156198591,0.4255371093490273,0,00 (54).jpg
73.66290283203125,41.88714493623913,1,12481.5,27.261385,1.9653431829161492,0.06231689452744648,0.0680541992145963,0.04180908202869817,0.07617187499535083,0.08947753905703872,0.08673095702595636,0.05657958984029665,0.08148193358877674,0.4373779296608046,0,00 (55).jpg
72.420654296875,44.014329034009855,1,12138.0,26.249403,1.8597595116455559,0.05139160155936331,0.0639648437460959,0.04193115234119073,0.07928466796391084,0.08892822265082224,0.09130859374442696,0.06329345702738687,0.0798950195263736,0.44000244137939437,0,00 (56).jpg
74.8070068359375,42.19136972675662,1,12640.0,28.07456,1.9387544046366885,0.05572509765284881,0.06677246093342454,0.03985595702881738,0.08099365233880654,0.09417724608800188,0.10009765624389053,0.0632324218711406,0.08026123046385124,0.41888427731818334,0,00 (57).jpg
89.5777587890625,49.85132371393623,1,12495.5,28.158678,1.8715650092671692,0.04443359374728799,0.0685424804645665,0.038452148435153065,0.0849609374948144,0.09808349608776346,0.10729980468095093,0.06573486327723786,0.07879638671394065,0.41369628903725,0,00 (58).jpg
72.70361328125,46.56847614366006,1,12124.0,32.56374,1.9537572769865423,0.04858398437203467,0.06213378905870765,0.04370117187233269,0.08972167968202382,0.10876464843086153,0.09686279296283797,0.06011962890258059,0.07421874999547004,0.41589355466211586,0,00 (59).jpg
79.16888427734375,46.67226450995907,1,12380.5,31.48367,2.046533264422486,0.05926513671513274,0.06915283202702925,0.04797363280957192,0.08380126952613517,0.09661865233785287,0.09088134765070303,0.05944824218387157,0.07556152343288809,0.4172973632557802,0,00 (6).jpg
86.33831787109375,46.702168164154244,1,12647.0,26.498238,1.771120113083506,0.045776367184706034,0.06762695312087237,0.03198242187304795,0.07934570312015712,0.08337402343241125,0.1119995117119141,0.06433105468357354,0.08935546874454617,0.4262084960677363,0,00 (60).jpg
74.80340576171875,44.878380961842375,1,12363.0,33.744026,1.9912443365917163,0.042724609372392294,0.059875488277595486,0.03985595702881738,0.09790039061902463,0.12878417967963962,0.10546874999356269,0.06378173827735707,0.07122802733940259,0.39038085935117306,0,00 (61).jpg
79.8009033203125,47.91221255054602,1,12100.5,29.705782,1.95678667152314,0.05169677734059468,0.06573486327723786,0.048645019528280944,0.08123779296379163,0.09649658202536031,0.09063720702571794,0.06054687499630451,0.07586669921411947,0.42913818356755745,0,00 (62).jpg
64.70050048828125,41.35266975236241,1,12592.0,34.11969,2.031656162819935,0.05859374999642372,0.06604003905846924,0.047363281247109174,0.0852050781197995,0.0938720703067705,0.09826660155650228,0.055419921871617435,0.08007812499511242,0.41516113278716055,0,00 (63).jpg
74.20941162109375,43.972803559988016,1,12412.0,30.290695,1.9397151082666662,0.04626464843467623,0.06646728515219316,0.04144287109122053,0.08538818358853832,0.10748291014968976,0.10150146483755484,0.06292724608990923,0.0781860351514779,0.41033935544370487,0,00 (64).jpg
74.02996826171875,44.2316375637536,1,12347.0,29.15932,1.9255373294230147,0.04583740234095231,0.06469726562105119,0.04260253905989975,0.08666992186971009,0.10443115233737603,0.10339355468118935,0.05926513671513274,0.07690429687030613,0.41619873044334726,0,00 (65).jpg
69.602783203125,41.76851616288389,1,12176.0,26.669157,1.8242131935832793,0.05102539062188566,0.06372070312111079,0.036499023435272275,0.08032226562009752,0.09088134765070303,0.09808349608776346,0.05877685546516254,0.0827636718699485,0.43792724606702105,0,00 (66).jpg
85.04180908203125,50.81220952934999,1,12508.5,40.44532,2.045924206493467,0.05889892577765509,0.06567382812099158,0.04315185546611622,0.07873535155769437,0.11779785155531018,0.0883178710883595,0.05895996093390137,0.08050537108883635,0.40795898435010014,0,00 (67).jpg
29.6373291015625,20.623891733839034,5,7332.0,17.633419,1.8465028714749507,0.044006347653564065,0.06176757812123,0.03833007812266052,0.08544921874478459,0.10662841796224191,0.10681152343098074,0.06860351562081277,0.07537841796414926,0.41302490231854094,0,00 (68).jpg
65.95220947265625,55.385354110560804,1,11618.5,29.450047,1.9687585516045025,0.027709960935808717,0.047546386715847995,0.03997802734130993,0.10638427733725682,0.16320800780253858,0.14990234374085068,0.0670776367146559,0.06329345702738687,0.33489990232330935,0,00 (69).jpg
69.87353515625,41.74911257948539,1,12288.5,26.493061,1.8176671543711425,0.042968749997377396,0.06402587890234217,0.03826904296641424,0.08367919921364263,0.09588623046289757,0.10284423827497288,0.06451416015231237,0.08227539061997831,0.4255371093490273,0,00 (7).jpg
65.40411376953125,44.2699539024621,1,12349.5,29.182972,1.8689275690203049,0.04431152343479544,0.06207275390246138,0.04101562499749661,0.08721923827592656,0.10528564452482388,0.09722900390031561,0.05834960937143862,0.07733154296403005,0.4271850585676767,0,00 (70).jpg
71.6201171875,41.84317646388512,1,12412.0,27.900595,1.783050572121223,0.028503417967010287,0.05010986327819154,0.030517578123137355,0.10601806639977916,0.128417968742162,0.12896728514837846,0.06762695312087237,0.07330322265177593,0.3865356445076577,0,00 (71).jpg
70.0189208984375,39.343579457627705,1,12413.5,23.600904,1.7515689155957541,0.04534912109098211,0.06292724608990923,0.03302001952923462,0.08099365233880654,0.08966064452577754,0.10144042968130856,0.05889892577765509,0.087097167963434,0.4406127929418571,0,00 (72).jpg
70.5067138671875,38.31087602138001,1,12624.0,24.322182,1.7863746283414645,0.04565429687221348,0.06481933593354373,0.029724121091935785,0.08630371093223244,0.0902709960882403,0.1085815429621227,0.06256103515243158,0.08941650390079245,0.42266845700545236,0,00 (73).jpg
70.84100341796875,43.44392995202835,1,12338.0,26.807716,1.968480668982823,0.054382324215430766,0.064208984371081,0.04486083984101191,0.08294677733868733,0.10144042968130856,0.10101318358758464,0.06152343749624491,0.07580566405787319,0.41381835934974254,0,00 (74).jpg
39.65753173828125,24.387348397815497,1,12386.0,19.040787,1.7172650597882124,0.04473876952851936,0.0632324218711406,0.032043457029294224,0.08007812499511242,0.0796508789013885,0.09448242186923325,0.05975341796510294,0.08294677733868733,0.4630737304404862,0,00 (75).jpg
40.0006103515625,24.267964102056872,1,12472.0,19.1136,1.768207386023513,0.05206298827807233,0.06475830077729747,0.03472900390413031,0.07440185546420887,0.07678222655781358,0.08978271483827009,0.06072998046504333,0.08837890624460577,0.45837402340952305,0,00 (76).jpg
63.8001708984375,34.54545960423263,1,12631.0,22.966915,1.8519038060870394,0.054748535152908416,0.07354736327676102,0.03576660156031698,0.07556152343288809,0.08123779296379163,0.08648681640097126,0.060424804683811964,0.08868408202583715,0.4435424804416783,0,00 (77).jpg
73.35479736328125,42.86026544124861,1,12383.0,32.05715,1.9991120024348783,0.06182861327747628,0.07336425780802219,0.0424804687474072,0.07641601562033594,0.08697509765094145,0.08618164061973989,0.05731201171525195,0.08209228515123948,0.43334960934855044,0,00 (78).jpg
41.59771728515625,26.71621601953567,1,11576.5,19.541918,1.7627895246005458,0.050598144528161734,0.06433105468357354,0.03338623046671227,0.07275390624555945,0.07928466796391084,0.09478759765046463,0.060058593746334314,0.08245849608871714,0.4623413085655309,0,00 (79).jpg
63.66778564453125,37.289335647817786,1,12579.5,26.607986,1.8735482890332384,0.031066894529353826,0.04943847655948251,0.03674316406025738,0.10662841796224191,0.13989257811646164,0.1358642578042075,0.07019042968321591,0.06848144530832022,0.36169433591542394,0,00 (8).jpg
78.9483642578125,43.84557940944707,1,12585.5,28.546957,1.92644583464075,0.054870605465400964,0.06738281249588728,0.04339599609110132,0.08264160155745595,0.08898925780706853,0.09423828124424816,0.06518554687102139,0.08465576171358302,0.4186401366931982,0,00 (80).jpg
79.80224609375,44.808020989049076,1,12468.0,27.237797,1.8861982594799307,0.052734374996781345,0.06726074218339473,0.03906249999761582,0.08557128905727714,0.08807373046337441,0.10083007811884581,0.06353759765237198,0.08410644530736655,0.41882324216193706,0,00 (81).jpg
74.7850341796875,42.29810219000121,1,12465.5,25.234554,1.8831962918343719,0.0533447265592441,0.06866455077705905,0.04064941406001896,0.07666015624532103,0.08825683593211323,0.09045410155697912,0.06329345702738687,0.08575439452601596,0.4329223632548265,0,00 (82).jpg
77.3331298828125,45.80845086843204,1,12241.0,28.798328,1.756182947978957,0.0258178710921742,0.04498291015350446,0.03070068359187618,0.09948730468142777,0.13598632811670006,0.1390380859290138,0.07257080077682063,0.06970214843324572,0.381713867164202,0,00 (83).jpg
73.590087890625,44.54259246330023,1,12604.0,37.82167,2.1363542704781686,0.06512451171477511,0.07086181640192493,0.04992675780945271,0.0817871093700081,0.10247802733749524,0.08337402343241125,0.05426025390293822,0.0796508789013885,0.41253662106857075,0,00 (84).jpg
72.95184326171875,44.7931436771225,1,12507.0,36.974308,2.099196372825017,0.06140136718375236,0.06256103515243158,0.04907226562200487,0.08587646483850851,0.10888671874335408,0.08819580077586696,0.05499267577789351,0.07513427733916417,0.4138793945059888,0,00 (85).jpg
38.57440185546875,26.67464985398408,1,12340.0,25.752844,1.779222410022848,0.032958984372988345,0.052917480465520174,0.03283691406049579,0.09863281249397993,0.1105346679620035,0.12756347655471414,0.06152343749624491,0.08172607421376184,0.4013061523192562,0,00 (86).jpg
71.7852783203125,41.87463896848422,1,12392.0,25.375862,1.8874363455774783,0.05639648437155783,0.07006835937072337,0.039367675778847186,0.07409667968297749,0.08312988280742616,0.08972167968202382,0.061279296871259804,0.08135986327628418,0.444580078097865,0,00 (87).jpg
38.13140869140625,24.9076297417775,1,12241.0,19.895718,1.6418304696127057,0.03198242187304795,0.056091308590326454,0.031860351560555396,0.07952880858889594,0.09082031249445677,0.11651611327413842,0.06585693358973041,0.07806396483898535,0.4492797851288281,0,00 (88).jpg
81.7364501953125,46.48038847923,1,12443.0,30.57817,1.99744710681126,0.05548095702786371,0.06896972655829042,0.04675292968464643,0.08679199218220264,0.09265136718184501,0.08923339843205362,0.05853271484017745,0.08337402343241125,0.4182128905994743,0,00 (89).jpg
35.4945068359375,26.92678457665617,1,12600.0,21.165363,1.6031214263665812,0.028564453123256565,0.05377197265296802,0.025878906248420475,0.08203124999499321,0.09295654296307639,0.1365966796791628,0.06506347655852884,0.08551025390103087,0.4296264648175277,0,00 (9).jpg
80.0059814453125,46.41184955025427,1,12392.0,30.17673,1.985501244326768,0.05755615234023705,0.07006835937072337,0.04376220702857896,0.0849609374948144,0.0941162109317556,0.083984374994874,0.062194824214953925,0.08160400390126929,0.42175292966175826,0,00 (90).jpg
47.76898193359375,29.229867742613038,1,12518.5,20.822144,1.6110325183981453,0.01995849609253183,0.04516601562224328,0.026367187498390673,0.09606933593163638,0.11291503905560821,0.15240478514694794,0.07305908202679083,0.0798950195263736,0.3941650390384421,0,00 (91).jpg
75.3228759765625,43.588020447072196,1,12609.0,34.185043,2.069617713724112,0.06549072265225277,0.06896972655829042,0.04394531249731779,0.0772094726515375,0.09857177733773366,0.08728027343217283,0.0576782226527296,0.08197021483874693,0.41888427731818334,0,00 (92).jpg
77.18084716796875,43.61039469276641,1,12452.5,29.017965,1.9994214906313141,0.057739257808975875,0.07379150390174612,0.04376220702857896,0.07946777343264967,0.08538818358853832,0.08972167968202382,0.06152343749624491,0.08172607421376184,0.4268798827864453,0,00 (93).jpg
79.375,44.95476377574253,1,12449.0,27.499214,1.9642882729315259,0.061889648433722556,0.06988525390198454,0.04473876952851936,0.07330322265177593,0.08654785155721753,0.08886718749457598,0.060241699215073136,0.08050537108883635,0.43402099606725947,0,00 (94).jpg
43.2305908203125,27.967308390615194,1,11508.5,20.854408,1.8241403731750025,0.045959472653444855,0.06451416015231237,0.03839111327890679,0.08306884765117988,0.09234619140061363,0.10375976561866701,0.06256103515243158,0.07763671874526143,0.4317626952861473,0,00 (95).jpg
43.57574462890625,27.670553770286507,1,11580.0,21.539042,1.8659426964199404,0.04748535155960172,0.06628417968345433,0.03869628906013817,0.07958984374514222,0.09448242186923325,0.10491943358734622,0.06048583984005824,0.08258056640120968,0.425476074192781,0,00 (96).jpg
83.484375,48.651752712437684,1,12374.5,31.155043,2.0153397653599106,0.06475830077729747,0.07177734374561906,0.04602050780969113,0.07470703124544024,0.08477783202607557,0.08105468749505282,0.05572509765284881,0.08239746093247086,0.43878173825446887,0,00 (97).jpg
84.30340576171875,47.893206222469324,1,12511.5,31.922909,2.0310109889299333,0.06481933593354373,0.0702514648394622,0.046142578122183676,0.07702636718279868,0.08367919921364263,0.08575439452601596,0.05761718749648333,0.0844726562448442,0.4302368163799904,0,00 (98).jpg
82.30694580078125,49.101310392133136,1,12216.5,30.90952,1.9943986299702492,0.06280517577741668,0.06921386718327552,0.0465698242159076,0.07342529296426847,0.08728027343217283,0.08087158202631399,0.05688476562152803,0.08068847655757516,0.44226074216050654,0,00 (99).jpg
35.99591064453125,23.210629476158452,3,11126.5,19.671677,1.770826478931696,0.04803466796581819,0.06555175780849903,0.03369140624794364,0.07690429687030613,0.08837890624460577,0.09515380858794227,0.05883789062140882,0.08483886718232185,0.4486083984101191,1,1 (1).jpg
57.076171875,32.28546126926014,1,12532.0,25.192661,1.8310204883156924,0.04797363280957192,0.06719970702714845,0.03460693359163776,0.07995605468261986,0.08453369140109047,0.09674072265034542,0.064208984371081,0.08331298827616497,0.44146728512930494,1,1 (10).jpg
81.92181396484375,45.684604182450656,1,12569.0,31.365013,2.005290292866645,0.05993652343384177,0.07037353515195474,0.045959472653444855,0.08300781249493361,0.08886718749457598,0.08770751952589675,0.060241699215073136,0.08502197265106066,0.41888427731818334,1,1 (100).jpg
82.2193603515625,45.35798741828968,1,12633.0,31.452332,2.0206778855922787,0.05963134765261039,0.07159423827688023,0.043090820309869944,0.08087158202631399,0.09326171874430775,0.09301757811932265,0.056457519527804104,0.08526611327604577,0.41680908200580996,1,1 (101).jpg
50.7852783203125,32.37571507823163,1,12437.5,27.84217,1.9543790217020303,0.05432128905918449,0.06921386718327552,0.04321289062236249,0.07812499999523163,0.09173583983815088,0.08898925780706853,0.05480957030915469,0.0842285156198591,0.4353637695046775,1,1 (102).jpg
68.4459228515625,42.81242450355918,1,12416.0,28.01454,1.9003262636691227,0.036682128904011096,0.053466796871736645,0.04028320312254131,0.10003662108764425,0.1322631835856773,0.11553955077419803,0.06719970702714845,0.07037353515195474,0.38415527341405303,1,1 (103).jpg
51.25482177734375,29.925243689981208,1,12478.5,24.392788,1.974201912700559,0.056152343746572735,0.07269287108931317,0.04425048827854916,0.07684326171405986,0.09222412108812109,0.0931396484318152,0.06280517577741668,0.08331298827616497,0.41857910153695194,1,1 (104).jpg
51.6270751953125,30.00872414392686,1,12516.5,24.647062,1.9808691682305466,0.055236816402878613,0.07049560546444729,0.046691894528400155,0.07836914062021673,0.09149169921316579,0.0892944335882999,0.06518554687102139,0.08032226562009752,0.4229125976304375,1,1 (105).jpg
50.35162353515625,35.98452875361845,1,12372.0,35.042988,1.979236936050548,0.04742431640335545,0.06518554687102139,0.04583740234095231,0.08795166015088185,0.10772705077467486,0.10314941405620426,0.06152343749624491,0.078430175776463,0.4027709960691668,1,1 (106).jpg
27.1650390625,17.620691056788512,10,7297.5,16.747925,1.8739930208892928,0.047912597653325645,0.06427001952732726,0.04016113281004876,0.08599853515100106,0.10272216796248033,0.09948730468142777,0.06652832030843943,0.0781860351514779,0.41473388669343664,1,1 (107).jpg
27.2921142578125,17.74047241882795,7,7309.0,16.829584,1.8453093255132005,0.041687011716205626,0.0627441406211704,0.037414550778966396,0.08850097655709832,0.10815429686839878,0.1025390624937415,0.06719970702714845,0.07617187499535083,0.4155883788808845,1,1 (108).jpg
37.91510009765625,25.834361609308022,1,12274.5,24.312077,1.7976454677801563,0.038452148435153065,0.06262207030867785,0.03497314452911541,0.08593749999475479,0.10168457030629366,0.10961914061830938,0.0675659179646261,0.07946777343264967,0.4196777343493849,1,1 (109).jpg
74.594482421875,45.733811640552325,1,12635.0,37.631058,2.1098240623110955,0.05084228515314683,0.06658935546468571,0.05108642577813193,0.0900268554632552,0.10949707030581683,0.10583496093104035,0.06762695312087237,0.07739257812027633,0.3811035156017393,1,1 (11).jpg
73.22625732421875,47.30347416906163,1,12092.5,31.972828,1.9101197753585277,0.04107666015374288,0.056335449215311556,0.043457031247347594,0.08984374999451637,0.11370849608680979,0.11499023436798154,0.06378173827735707,0.07208251952685044,0.4047241210690476,1,1 (110).jpg
75.8748779296875,45.074617700805526,1,12677.5,34.044582,2.0085732638833464,0.044555664059780536,0.05847167968393117,0.043334960934855046,0.09112548827568814,0.12280273436750472,0.11877441405525058,0.06750488280837982,0.07678222655781358,0.3766479491957612,1,1 (111).jpg
39.7242431640625,28.34027650924667,2,10169.5,16.462297,1.482920658700148,0.02239990234238282,0.03839111327890679,0.026000976560913026,0.08874511718208343,0.09735107421280816,0.14099121092889458,0.0675659179646261,0.07086181640192493,0.44769287106642497,1,1 (112).jpg
47.05419921875,27.566977065939998,1,12660.0,19.748787,1.740284078365223,0.044555664059780536,0.06652832030843943,0.03332519531046599,0.07946777343264967,0.07617187499535083,0.10583496093104035,0.07391357421423868,0.08630371093223244,0.4338989257547669,1,1 (113).jpg
46.0740966796875,28.430925200016517,1,12314.5,19.023148,1.6763964056352596,0.0460815429659374,0.06018066405882686,0.03198242187304795,0.07501220702667162,0.06958007812075316,0.10479736327485367,0.06945800780826061,0.08435058593235165,0.4585571288782619,1,1 (114).jpg
85.058837890625,46.323140330668586,1,12557.5,31.288727,1.9356566306327856,0.05627441405906528,0.07348632812051475,0.039733886716324836,0.07922363280766458,0.08679199218220264,0.09167480468190461,0.061340332027506085,0.08819580077586696,0.4232788085679151,1,1 (115).jpg
61.895751953125,35.228382549192105,1,12522.0,26.29789,1.9714232651807175,0.057006835934020575,0.06774902343336493,0.0477905273408331,0.07739257812027633,0.08947753905703872,0.08795166015088185,0.06536865233976022,0.08184814452625438,0.4254150390365347,1,1 (116).jpg
61.6878662109375,35.43128850762029,1,12465.5,26.433743,1.9524394720174536,0.05529785155912489,0.06732177733964101,0.04602050780969113,0.08105468749505282,0.08990478515076264,0.08441162108859793,0.06481933593354373,0.07696533202655241,0.43420410153599825,1,1 (117).jpg
75.03057861328125,41.83845163439074,1,12449.5,28.757622,1.8058093000027458,0.045959472653444855,0.06567382812099158,0.03607177734154835,0.0796508789013885,0.08825683593211323,0.10095214843133837,0.0632324218711406,0.08319091796367242,0.4370117187233269,1,1 (118).jpg
49.21685791015625,31.210938970436853,1,12133.5,16.983234,1.6260241540246518,0.03503417968536168,0.05731201171525195,0.02978515624818206,0.07958984374514222,0.08636474608847872,0.11218261718065291,0.06915283202702925,0.08129882812003791,0.4492797851288281,1,1 (119).jpg
50.27520751953125,32.541728853553934,1,11847.5,25.884212,1.9354096259943834,0.05407714843419939,0.06335449218363315,0.04022216796629503,0.08319091796367242,0.09899902343145758,0.09521484374418855,0.05920410155888647,0.07580566405787319,0.42993164059875905,1,1 (12).jpg
94.282958984375,56.12327750553385,1,11971.5,32.52874,1.8847954040815063,0.05535888671537116,0.06762695312087237,0.043273925778608766,0.07470703124544024,0.08367919921364263,0.08306884765117988,0.061279296871259804,0.07983398437012731,0.45117187497246264,1,1 (120).jpg
71.1595458984375,40.840980075222596,1,12615.5,34.07292,2.0813222106329574,0.06048583984005824,0.07299804687054455,0.04937744140323624,0.08166503905751556,0.09722900390031561,0.08441162108859793,0.059875488277595486,0.08184814452625438,0.41210937497484684,1,1 (121).jpg
70.5782470703125,41.217871667261036,1,12507.5,33.44326,2.0680701080447625,0.06207275390246138,0.0675659179646261,0.048278808590803295,0.0837402343698889,0.09576416015040502,0.08483886718232185,0.06085205077753589,0.07824707030772418,0.4186401366931982,1,1 (122).jpg
75.5809326171875,41.20687900879961,1,12506.5,28.220959,1.8996418153016066,0.05316162109050527,0.06970214843324572,0.03857421874764561,0.08190917968250065,0.08996582030700892,0.08685302733844891,0.06469726562105119,0.08581542968226225,0.4293212890362963,1,1 (123).jpg
75.77783203125,41.2199177927246,1,12525.0,28.123407,1.9072791263924949,0.050781249996900556,0.0723876953080818,0.039733886716324836,0.07928466796391084,0.09051513671322539,0.09252929686935246,0.06652832030843943,0.08068847655757516,0.4275512695051543,1,1 (124).jpg
76.3603515625,40.83160690368849,1,12613.5,28.937325,1.93113166465232,0.052795410153027626,0.06866455077705905,0.04119873046623543,0.08245849608871714,0.09222412108812109,0.09283447265058384,0.06701660155840963,0.07995605468261986,0.4228515624741912,1,1 (125).jpg
62.69451904296875,35.11931920307162,1,12581.5,25.278646,1.9044129392644866,0.05371093749672174,0.07318115233928338,0.03997802734130993,0.07653808593282849,0.08367919921364263,0.0885620117133446,0.06628417968345433,0.08355712890115008,0.43450927731722966,1,1 (126).jpg
54.678466796875,34.64907091716495,1,12628.5,29.775608,2.0516252841372022,0.05389404296546057,0.06542968749600649,0.047607421872094276,0.09014892577574775,0.10278320311872662,0.09637451171286776,0.06469726562105119,0.07971191405763477,0.39935302731937544,1,1 (127).jpg
47.940185546875,25.760023674137702,1,12658.0,19.533648,1.8035591663987756,0.052734374996781345,0.07440185546420887,0.034912109372869135,0.06994628905823082,0.07336425780802219,0.08941650390079245,0.06439208983981981,0.08666992186971009,0.4541625976285301,1,1 (128).jpg
55.244140625,31.174515706501555,1,12680.5,20.510872,1.7209167510618677,0.029724121091935785,0.056701660152789206,0.03179931640430912,0.0888061523383297,0.10266113280623405,0.13360595702309533,0.07391357421423868,0.08081054687006771,0.40197753903796524,1,1 (129).jpg
100.9742431640625,56.28965785739499,1,12469.5,35.623726,1.8911450678734134,0.03485107421662286,0.05548095702786371,0.03503417968536168,0.09161376952565833,0.12304687499248981,0.1428222656162828,0.07824707030772418,0.06634521483970061,0.3725585937272608,1,1 (13).jpg
54.43505859375,31.675556433742276,1,12523.0,19.197826,1.693169320204639,0.031311035154338925,0.05511474609038606,0.029907226560674606,0.09112548827568814,0.09899902343145758,0.131530761710722,0.06994628905823082,0.08264160155745595,0.40942382810001077,1,1 (130).jpg
82.404052734375,44.85109176813976,1,12518.0,27.777035,1.7675104140695477,0.03771972656019777,0.0574340820277445,0.03216552734178677,0.08862304686959088,0.10009765624389053,0.11663818358663097,0.06915283202702925,0.08099365233880654,0.41717529294328765,1,1 (131).jpg
82.63067626953125,44.53274546701302,1,12582.0,27.587833,1.7778687449311972,0.03820800781016797,0.06115722655876726,0.03173828124806285,0.08898925780706853,0.09790039061902463,0.11352539061807096,0.06988525390198454,0.08312988280742616,0.41546630856839195,1,1 (132).jpg
69.53131103515625,38.94385414257881,1,12513.0,30.525242,1.996932882815571,0.05688476562152803,0.0692749023395218,0.048461914059542116,0.07940673827640339,0.08685302733844891,0.0910034179631956,0.06341552733987942,0.08166503905751556,0.42303466794293,1,1 (133).jpg
69.19903564453125,39.40453841876339,1,12417.0,29.606277,1.9722399491649119,0.05529785155912489,0.0721435546830967,0.044555664059780536,0.07928466796391084,0.08435058593235165,0.08557128905727714,0.06414794921483472,0.08233642577622458,0.4323120116923638,1,1 (134).jpg
76.16143798828125,44.1420049539003,1,12499.0,35.01924,2.0930320799669886,0.04772949218458682,0.06488037108979001,0.05004882812194526,0.09509277343169599,0.12652587889852748,0.09710693358782306,0.061340332027506085,0.07501220702667162,0.3822631835704185,1,1 (135).jpg
70.58038330078125,39.43510892426577,1,12412.5,26.395525,1.887709124494283,0.046997070309631524,0.07409667968297749,0.03710937499773502,0.07220458983934298,0.09466552733797207,0.09570312499415874,0.0695190429645069,0.08056640624508261,0.42913818356755745,1,1 (136).jpg
79.45849609375,53.509868404655776,1,12322.5,35.453667,2.127650678974199,0.05419921874669194,0.06152343749624491,0.056823730465281753,0.09515380858794227,0.11242675780563802,0.10028076171262934,0.0685424804645665,0.07489013671417907,0.37615966794579103,1,1 (137).jpg
80.97113037109375,44.31312212012158,1,12657.5,31.543087,1.979887136284236,0.06182861327747628,0.0680541992145963,0.04217529296617582,0.07757568358901515,0.08593749999475479,0.08996582030700892,0.07196044921435787,0.08142089843253046,0.4210815429430492,1,1 (138).jpg
51.6285400390625,30.97326028138397,1,12566.5,26.189178,1.816488428262085,0.042968749997377396,0.0629882812461555,0.03540039062283933,0.08245849608871714,0.0936279296817854,0.10900878905584663,0.06439208983981981,0.07836914062021673,0.43078613278620687,1,1 (139).jpg
52.0352783203125,32.60847058776183,1,12385.5,25.047356,1.901873263837651,0.04022216796629503,0.05975341796510294,0.04260253905989975,0.09094238280694932,0.10644531249350309,0.10839843749338388,0.06524658202726766,0.07476806640168651,0.41162109372487665,1,1 (14).jpg
42.0537109375,25.535754381923844,1,12455.0,18.404663,1.6770961381911065,0.04107666015374288,0.060058593746334314,0.0316162109355703,0.07928466796391084,0.08288574218244106,0.10607910155602544,0.061279296871259804,0.08306884765117988,0.4546508788785003,1,1 (140).jpg
61.62701416015625,36.869514028106536,1,12288.0,29.3488,1.9040582022495802,0.04809570312206447,0.061340332027506085,0.04064941406001896,0.0825195312449634,0.10284423827497288,0.09790039061902463,0.06646728515219316,0.07525634765165672,0.4249267577865645,1,1 (141).jpg
65.36798095703125,36.870832360825624,1,12464.0,24.81688,1.8178338232816627,0.041320800778727976,0.06475830077729747,0.03540039062283933,0.08666992186971009,0.09478759765046463,0.1052246093685776,0.06701660155840963,0.07946777343264967,0.42535400388028843,1,1 (142).jpg
65.17633056640625,36.41339252376719,1,12521.0,24.416142,1.8299807015993461,0.04583740234095231,0.06506347655852884,0.03576660156031698,0.08459472655733674,0.09374999999427795,0.1042480468686372,0.06481933593354373,0.08227539061997831,0.42364501950539274,1,1 (143).jpg
64.25738525390625,45.269108808366525,1,12497.0,30.1163,1.9823726494420113,0.04052734374752641,0.060424804683811964,0.0468139648408927,0.09948730468142777,0.1201782226489149,0.1042480468686372,0.06994628905823082,0.0743408203079626,0.38403320310156047,1,1 (144).jpg
68.899658203125,36.23228540600979,1,12766.5,26.720098,1.7931527393867253,0.037048339841488746,0.06292724608990923,0.03124999999809265,0.08612060546349361,0.10229492186875641,0.12005615233642235,0.06768798827711865,0.08593749999475479,0.40667724606892836,1,1 (145).jpg
76.98828125,44.25364109727256,1,12457.0,31.945967,1.9541815897975279,0.04431152343479544,0.06634521483970061,0.04278564452863857,0.08825683593211323,0.10119628905632347,0.10412597655614465,0.07043457030820101,0.07629394530784339,0.40624999997520445,1,1 (146).jpg
60.2249755859375,39.8825046970173,1,12611.0,31.207462,2.0861610179113597,0.05664062499654293,0.0685424804645665,0.04815673827831075,0.08258056640120968,0.10528564452482388,0.09960937499392032,0.05877685546516254,0.07971191405763477,0.40069580075679345,1,1 (147).jpg
58.9595947265625,40.612623754618355,1,12354.0,29.400505,2.0096398502302817,0.05554199218410998,0.06512451171477511,0.04534912109098211,0.08465576171358302,0.0989379882752113,0.09869384765022621,0.05847167968393117,0.07464599608919396,0.41857910153695194,1,1 (148).jpg
69.29595947265625,38.65450516831061,1,12584.5,28.873266,1.9723039286293018,0.049194335934497416,0.06433105468357354,0.04565429687221348,0.09063720702571794,0.09906005858770385,0.10540771483731642,0.07348632812051475,0.07812499999523163,0.3941040038821958,1,1 (149).jpg
56.21484375,38.23103031670934,1,12434.5,25.823359,1.762058174268086,0.03277587890424952,0.05664062499654293,0.03601074218530208,0.08728027343217283,0.09771728515028581,0.12664794921102002,0.07104492187066376,0.07452392577670142,0.41735839841202643,1,1 (15).jpg
53.59368896484375,38.5720477533366,1,12261.0,29.049591,1.8056025832797804,0.03320312499797344,0.04974365234071389,0.03930664062260091,0.09350585936929286,0.11596679686792194,0.12335205077372119,0.06542968749600649,0.0731201171830371,0.406372070287697,1,1 (150).jpg
54.451171875,38.24226565484545,1,12500.0,30.521866,1.8419904033371466,0.03564453124782443,0.0516357421843484,0.04016113281004876,0.09332275390055403,0.11828613280528039,0.12518310546110942,0.06390380858984962,0.07104492187066376,0.400817871069286,1,1 (151).jpg
73.7681884765625,43.460328407106395,1,12529.5,33.749233,1.9887290538731972,0.055969238277833906,0.06726074218339473,0.04339599609110132,0.08312988280742616,0.1052246093685776,0.09191894530688971,0.060607910152550785,0.07995605468261986,0.41253662106857075,1,1 (152).jpg
64.87371826171875,36.803931882934336,1,12430.0,26.313713,1.743609854896202,0.02941894531070441,0.053283691402997824,0.02941894531070441,0.0900268554632552,0.12677001952351258,0.132202148429431,0.07379150390174612,0.0736083984330073,0.391479492163606,1,1 (153).jpg
70.36517333984375,39.06404541310764,1,12677.5,31.003414,2.0502186824214235,0.06530761718351394,0.06939697265201435,0.045959472653444855,0.07904052733892575,0.09179687499439716,0.08636474608847872,0.05889892577765509,0.08435058593235165,0.41888427731818334,1,1 (154).jpg
66.69146728515625,48.676444011522044,1,12412.0,34.26744,1.9240990062024004,0.0516357421843484,0.060424804683811964,0.04254150390365347,0.08514404296355321,0.0974731445253007,0.1013793945250623,0.058654785152669996,0.07592773437036573,0.42681884763019906,1,1 (155).jpg
52.489990234375,32.39088349209299,1,12398.5,28.101501,1.9817999014189966,0.06091308593378216,0.06866455077705905,0.040771484372511504,0.07666015624532103,0.09173583983815088,0.07983398437012731,0.05432128905918449,0.0832519531199187,0.44384765622290967,1,1 (156).jpg
83.4801025390625,48.21133914604645,1,12316.0,37.125122,1.9983641147714697,0.04187011718494445,0.056701660152789206,0.04412841796605661,0.09710693358782306,0.1320190429606922,0.11132812499320507,0.064208984371081,0.06732177733964101,0.38531494138273226,1,1 (157).jpg
81.0628662109375,44.32557026903839,1,12619.0,33.787663,1.834370923814887,0.037414550778966396,0.056335449215311556,0.0357055664040707,0.08923339843205362,0.11547851561795175,0.12738037108597533,0.06872558593330533,0.07788085937024652,0.39184570310108363,1,1 (158).jpg
79.81365966796875,44.70717859368898,1,12474.0,31.432735,1.8090111065924226,0.035461425779085606,0.05664062499654293,0.031860351560555396,0.09106445311944186,0.11700439452410862,0.12103271483636274,0.06335449218363315,0.07672119140156732,0.4068603515376672,1,1 (159).jpg
86.373291015625,48.79997498067523,1,12434.0,33.514053,1.995405304311939,0.052429199215549976,0.06616210937096179,0.047546386715847995,0.0806274414013289,0.10034179686887562,0.10278320311872662,0.06823730468333512,0.07666015624532103,0.4052124023190178,1,1 (16).jpg
38.104248046875,22.815362545594365,1,12391.0,19.681301,1.7880322730844553,0.04254150390365347,0.06384277343360334,0.03338623046671227,0.08819580077586696,0.09136962890067324,0.10113525390007719,0.07061767577693984,0.08300781249493361,0.4259033202865049,1,1 (160).jpg
79.68798828125,46.86134892116103,1,12496.5,36.36429,2.0523872357215827,0.03729248046647385,0.052429199215549976,0.04815673827831075,0.10864257811836898,0.14764404295973851,0.11254882811813056,0.06506347655852884,0.06945800780826061,0.35876464841560274,1,1 (161).jpg
80.017822265625,47.12704296325622,1,12506.5,36.497803,2.0505126839216814,0.035583496091578154,0.050964355465639384,0.05004882812194526,0.10809326171215251,0.15002441405334324,0.11492919921173528,0.06597900390222296,0.06701660155840963,0.3573608398219384,1,1 (162).jpg
77.16619873046875,45.985790174808585,1,12382.5,31.14199,1.8982157486814906,0.05627441405906528,0.06976318358949199,0.03979492187257111,0.07751464843276888,0.09075927733821049,0.08605957030724734,0.06036376952756568,0.08734130858841911,0.43212890622362493,1,1 (163).jpg
76.43963623046875,45.66253425869249,1,12424.5,30.39125,1.9245116521400998,0.0569458007777743,0.06945800780826061,0.043457031247347594,0.07971191405763477,0.08666992186971009,0.08575439452601596,0.05847167968393117,0.08074951171382144,0.43878173825446887,1,1 (164).jpg
68.55047607421875,41.167386093264035,1,12175.5,28.08485,1.9447291598951542,0.06646728515219316,0.06866455077705905,0.04003906249755621,0.07177734374561906,0.08551025390103087,0.08105468749505282,0.052917480465520174,0.08331298827616497,0.45025634762876854,1,1 (165).jpg
68.96087646484375,40.82186818343467,1,12278.0,28.032349,1.9606347795052155,0.06311035155864805,0.07366943358925357,0.04388427734107152,0.07397460937048495,0.08215332030748576,0.0817871093700081,0.0576782226527296,0.08288574218244106,0.44085693356684225,1,1 (166).jpg
79.17034912109375,45.371494163646254,1,12444.5,32.078587,2.000294367645858,0.06726074218339473,0.07366943358925357,0.04052734374752641,0.07147216796438768,0.08459472655733674,0.08282470702619478,0.05786132812146842,0.08581542968226225,0.43597412106714023,1,1 (167).jpg
78.78802490234375,45.04050017388175,1,12466.5,32.09723,1.9896514276557207,0.06140136718375236,0.07092285155817121,0.04394531249731779,0.07672119140156732,0.08648681640097126,0.09191894530688971,0.05590820312158763,0.08135986327628418,0.43133544919242334,1,1 (168).jpg
68.11578369140625,37.75922234327444,1,12613.5,27.383247,1.9122977246337276,0.05468749999666214,0.07092285155817121,0.04034423827878758,0.07836914062021673,0.08245849608871714,0.09143066405691952,0.06445312499606609,0.08898925780706853,0.4283447265363559,1,1 (17).jpg
82.92694091796875,46.91471465270519,1,12458.0,38.174263,2.1241116108307887,0.06719970702714845,0.07604980468285828,0.04858398437203467,0.07440185546420887,0.08264160155745595,0.08740234374466538,0.06286621093366294,0.07995605468261986,0.4208984374743104,1,1 (18).jpg
35.73065185546875,22.750985081585068,1,11598.0,20.20734,1.6764462939930111,0.041503906247466804,0.056701660152789206,0.031860351560555396,0.07971191405763477,0.07904052733892575,0.10748291014968976,0.06341552733987942,0.08294677733868733,0.4573364257533364,1,1 (19).jpg
67.5384521484375,40.07855580843817,1,12468.0,26.53853,1.972898464198956,0.06091308593378216,0.07116699218315631,0.044006347653564065,0.08081054687006771,0.08367919921364263,0.08282470702619478,0.06146240233999863,0.08508300780730695,0.4300537109112516,1,1 (2).jpg
63.581787109375,35.34707965816876,1,12483.0,24.671032,1.7295920079869693,0.04583740234095231,0.0632324218711406,0.03308105468548089,0.07159423827688023,0.08184814452625438,0.10028076171262934,0.06567382812099158,0.08416748046361282,0.4542846679410227,1,1 (20).jpg
72.43597412109375,39.72488153773187,1,12690.0,27.989868,1.9396941894035793,0.043273925778608766,0.06481933593354373,0.03967285156007856,0.08941650390079245,0.11267089843062311,0.1102905273370184,0.064208984371081,0.0878295898383893,0.3878173827888295,1,1 (21).jpg
60.3509521484375,35.29140861516627,1,12523.5,27.01038,1.908897375308025,0.05749511718399077,0.0692749023395218,0.04339599609110132,0.07391357421423868,0.075317382807903,0.08721923827592656,0.06652832030843943,0.08343505858865753,0.44342041012918576,1,1 (22).jpg
54.69720458984375,32.14550775681564,1,12469.0,23.538599,1.9185506988446126,0.04644775390341505,0.06103515624627471,0.041503906247466804,0.09228515624436735,0.1044921874936223,0.10382080077491328,0.06738281249588728,0.07781982421400026,0.4052124023190178,1,1 (23).jpg
79.2177734375,46.72534507717928,1,12332.0,32.01769,2.0323526614464082,0.06799316405835003,0.07330322265177593,0.04461669921602681,0.07580566405787319,0.08721923827592656,0.08160400390126929,0.055236816402878613,0.08300781249493361,0.43121337887993083,1,1 (24).jpg
79.41162109375,44.44141021725815,1,12674.0,34.631813,2.1165151566035116,0.07336425780802219,0.072875976558052,0.04968261718446761,0.07781982421400026,0.0832519531199187,0.08050537108883635,0.05621337890281901,0.08453369140109047,0.42175292966175826,1,1 (25).jpg
79.48907470703125,44.42180770498425,1,12668.0,35.34453,2.116264412827978,0.07489013671417907,0.07202148437060416,0.048278808590803295,0.07592773437036573,0.08502197265106066,0.08270263671370223,0.054504394527923314,0.08843994140085205,0.4182128905994743,1,1 (26).jpg
53.58245849609375,35.64196296275795,1,11612.5,22.733822,1.768755645721865,0.03179931640430912,0.05084228515314683,0.03674316406025738,0.09149169921316579,0.11322021483683958,0.13568115233546868,0.07690429687030613,0.07464599608919396,0.38867187497627737,1,1 (27).jpg
41.0986328125,27.158700408827062,1,12413.0,23.121233,1.7692242561784939,0.035949707029055804,0.05841064452768489,0.032592773435510695,0.0902709960882403,0.10729980468095093,0.11926269530522078,0.06304931640240177,0.08288574218244106,0.4102783202874586,1,1 (28).jpg
51.4361572265625,28.83143953300966,1,12599.0,22.123579,1.8740457044807628,0.05731201171525195,0.07159423827688023,0.04058837890377268,0.0738525390579924,0.07580566405787319,0.08917236327580735,0.06671142577717826,0.08465576171358302,0.4403076171606257,1,1 (29).jpg
75.943603515625,44.708297914865454,1,12307.5,29.939053,1.8575437045047596,0.038818359372630715,0.05664062499654293,0.03912353515386209,0.09124755858818069,0.111755371086929,0.12292480467999727,0.06536865233976022,0.07690429687030613,0.3972167968507558,1,1 (3).jpg
66.7923583984375,37.73632047526859,1,12406.0,20.677567,1.55707365050624,0.030151367185659705,0.052429199215549976,0.025878906248420475,0.08386230468238146,0.08074951171382144,0.13098144530450553,0.07116699218315631,0.07983398437012731,0.4449462890353426,1,1 (30).jpg
53.41241455078125,35.62878638979158,1,12313.0,32.507187,1.9899350556031665,0.053833007809214295,0.06384277343360334,0.045410156247228384,0.07812499999523163,0.09661865233785287,0.10198974608752504,0.060607910152550785,0.07598876952661202,0.42358398434914646,1,1 (31).jpg
74.083251953125,41.11843101234516,1,12661.0,27.87093,1.8896218627101478,0.041687011716205626,0.0571899414027594,0.041687011716205626,0.08508300780730695,0.1163330078053996,0.11798095702404901,0.07580566405787319,0.07769775390150771,0.3865356445076577,1,1 (32).jpg
82.61614990234375,46.37351471068438,1,12388.5,29.706284,1.844031795679352,0.0424804687474072,0.06207275390246138,0.03839111327890679,0.08282470702619478,0.10229492186875641,0.10626220702476427,0.07135009765189514,0.07586669921411947,0.4184570312244594,1,1 (33).jpg
50.43463134765625,36.111382995145775,1,11700.5,32.578274,1.9065041799648936,0.03875732421638444,0.05786132812146842,0.04156494140371308,0.09136962890067324,0.11712646483660116,0.10839843749338388,0.06860351562081277,0.072875976558052,0.4034423827878758,1,1 (34).jpg
54.94482421875,38.04320448886504,1,11607.0,38.819008,2.0401862350077122,0.03698730468524247,0.0473022460908629,0.04821777343455702,0.10485839843109995,0.14251708983505143,0.12377929686744511,0.0757446289016269,0.06652832030843943,0.35406494138463956,1,1 (35).jpg
26.62445068359375,21.59879792020069,1,6095.5,19.91438,1.4425928349998611,0.028076171873286367,0.04571533202845976,0.0258178710921742,0.07415771483922377,0.07354736327676102,0.12170410155507178,0.057067871090266856,0.08203124999499321,0.49188232418872785,1,1 (36).jpg
55.967041015625,30.93748441657242,1,12678.5,23.695753,1.8121782982447607,0.03985595702881738,0.06036376952756568,0.035949707029055804,0.08245849608871714,0.10308837889995798,0.11981201171143725,0.06921386718327552,0.07733154296403005,0.411926269506108,1,1 (37).jpg
55.14239501953125,31.2089757992113,1,12548.5,23.386269,1.796128854088699,0.04064941406001896,0.06231689452744648,0.035583496091578154,0.07952880858889594,0.10467529296236112,0.1156005859304443,0.06939697265201435,0.08209228515123948,0.410156249974966,1,1 (38).jpg
81.17156982421875,45.38627662935005,1,12486.5,34.673065,2.0317478814580725,0.043640136716086415,0.06280517577741668,0.04522705077848956,0.09185791015064344,0.1223754882737808,0.11688232421161607,0.07208251952685044,0.06701660155840963,0.3781127929456718,1,1 (39).jpg
67.92559814453125,39.13931689441653,1,12424.5,25.355534,1.8890943144998504,0.05010986327819154,0.07031249999570846,0.040405273435033855,0.08129882812003791,0.08966064452577754,0.0974731445253007,0.06170654296498373,0.08007812499511242,0.42895507809881867,1,1 (4).jpg
53.895263671875,31.98706773027591,1,12448.0,25.964283,2.0094845140336712,0.05126953124687075,0.06646728515219316,0.0465698242159076,0.08624267577598617,0.1032714843686968,0.10278320311872662,0.07006835937072337,0.07666015624532103,0.3966674804445393,1,1 (40).jpg
64.403564453125,40.08265358174342,1,12299.0,31.139702,1.8211724716733828,0.033874511716682466,0.04876708984077349,0.0417480468724519,0.09240722655685991,0.1138916015555486,0.12628173827354236,0.0687866210895516,0.07714843749529122,0.3970947265382633,1,1 (41).jpg
65.08135986328125,39.52638969882562,1,12492.5,31.465965,1.849710428067186,0.032043457029294224,0.05206298827807233,0.043334960934855046,0.09509277343169599,0.10913085936833918,0.13317871092937142,0.06939697265201435,0.07324218749552965,0.39251708981979266,1,1 (42).jpg
73.8680419921875,41.3172811172288,1,12569.0,31.355873,1.902341557417644,0.051818847653087224,0.06811523437084258,0.04034423827878758,0.07904052733892575,0.09307861327556893,0.09368896483803167,0.06506347655852884,0.07733154296403005,0.4315185546611622,1,1 (43).jpg
60.34368896484375,34.48287555452308,1,12559.0,24.323029,1.8786796804723753,0.04028320312254131,0.06616210937096179,0.04156494140371308,0.08483886718232185,0.10278320311872662,0.10772705077467486,0.07513427733916417,0.08111572265129909,0.4003906249755621,1,1 (44).jpg
68.39208984375,39.33731860072637,1,12324.0,27.723976,1.9420722045325893,0.05493164062164724,0.06378173827735707,0.044372558591041715,0.078430175776463,0.08966064452577754,0.09600830077539012,0.0668334960896708,0.0806274414013289,0.42535400388028843,1,1 (45).jpg
48.99176025390625,28.88330158290843,1,12315.5,25.562439,1.941556477657565,0.05975341796510294,0.07080078124567867,0.04748535155960172,0.0675659179646261,0.07476806640168651,0.08551025390103087,0.06427001952732726,0.07922363280766458,0.45062255856624617,1,1 (46).jpg
71.48529052734375,41.65690381190031,1,12460.0,35.445847,2.015621770101246,0.04693603515338525,0.06231689452744648,0.046142578122183676,0.09185791015064344,0.11383056639930234,0.10510253905608505,0.06359863280861824,0.07739257812027633,0.392822265601024,1,1 (47).jpg
56.60894775390625,33.237413846673505,1,12339.0,27.169098,1.9261819294917488,0.046997070309631524,0.07189941405811161,0.04187011718494445,0.08111572265129909,0.08862304686959088,0.09906005858770385,0.06359863280861824,0.08239746093247086,0.42443847653659433,1,1 (48).jpg
87.82525634765625,50.78334653660338,1,12337.5,35.78656,1.9838423909011755,0.04370117187233269,0.061645507808737454,0.04870605468452722,0.09045410155697912,0.10748291014968976,0.10906982421209291,0.07366943358925357,0.07000732421447708,0.395263671850875,1,1 (49).jpg
51.2587890625,30.71977396720442,1,12496.0,16.108393,1.512360304816181,0.024963378904726354,0.055786132809095085,0.024230957029771058,0.07806396483898535,0.08038330077634379,0.13702392577288672,0.07366943358925357,0.08728027343217283,0.4385986327857301,1,1 (5).jpg
48.17608642578125,28.59579162650401,1,12393.5,20.928343,1.768587679952136,0.04064941406001896,0.06701660155840963,0.03729248046647385,0.08197021483874693,0.08660888671346381,0.09729003905656189,0.06982421874573827,0.0837402343698889,0.4356079101296626,1,1 (50).jpg
43.115478515625,33.37463197165894,1,10777.5,24.503593,1.7300816066505753,0.039184570310108364,0.053283691402997824,0.03588867187280953,0.08209228515123948,0.10107421874383092,0.11010742186827957,0.06542968749600649,0.07342529296426847,0.4395141601294242,1,1 (51).jpg
79.978515625,43.86823479208154,1,12613.5,29.182041,1.821176546357067,0.03564453124782443,0.05566406249660254,0.035217285154100504,0.09271240233809128,0.11077880858698859,0.12921142577336356,0.07415771483922377,0.0779418945264928,0.38867187497627737,1,1 (52).jpg
65.59613037109375,38.68441289387679,1,12389.5,29.524837,1.97998262526753,0.060241699215073136,0.07049560546444729,0.043090820309869944,0.07684326171405986,0.08660888671346381,0.08068847655757516,0.06463623046480492,0.07977294921388105,0.43762207028578964,1,1 (53).jpg
47.55303955078125,28.473639798391652,1,12490.5,26.580847,1.8467657409059335,0.044921874997258186,0.0622558593712002,0.04003906249755621,0.08569335936976968,0.08697509765094145,0.10217285155626386,0.06622314452720805,0.08197021483874693,0.4297485351300202,1,1 (54).jpg
46.9232177734375,28.57383763625603,1,12395.0,25.705017,1.8261628130081557,0.047546386715847995,0.06231689452744648,0.03985595702881738,0.08148193358877674,0.08184814452625438,0.09899902343145758,0.06555175780849903,0.0834960937449038,0.43890380856696143,1,1 (55).jpg
49.0970458984375,39.35644690706065,1,10651.5,33.07057,1.8789776121007735,0.03869628906013817,0.04852294921578839,0.044677734372273084,0.08990478515076264,0.11657714843038469,0.11761474608657137,0.06604003905846924,0.06945800780826061,0.4085083007563166,1,1 (56).jpg
77.4483642578125,43.877747585355735,1,12399.5,30.532677,1.912952252126269,0.04742431640335545,0.064208984371081,0.04211425780992955,0.08477783202607557,0.09539794921292737,0.10266113280623405,0.0661010742147155,0.08068847655757516,0.4166259765370712,1,1 (57).jpg
78.77972412109375,43.01445440336543,1,12613.0,32.428776,1.9709705135809665,0.052551269528042524,0.07012939452696965,0.04034423827878758,0.08203124999499321,0.0946044921817258,0.09796142577527091,0.06689453124591709,0.08404541015112027,0.4114379882561378,1,1 (58).jpg
73.26898193359375,41.55738895722464,1,12393.0,36.525337,2.099294311084878,0.0682983398395814,0.07586669921411947,0.04571533202845976,0.07000732421447708,0.07983398437012731,0.08087158202631399,0.05944824218387157,0.08489990233856812,0.43505859372344613,1,1 (59).jpg
93.14593505859375,52.226582992046104,1,12463.0,42.215942,2.145477259243055,0.06182861327747628,0.07318115233928338,0.05169677734059468,0.08203124999499321,0.0991821289001964,0.08697509765094145,0.06140136718375236,0.0796508789013885,0.40405273435033856,1,1 (6).jpg
73.17559814453125,41.539843304898774,1,12547.0,36.59292,2.0942768628308404,0.062377929683692754,0.07495117187042534,0.046142578122183676,0.07824707030772418,0.0900268554632552,0.08343505858865753,0.06597900390222296,0.0796508789013885,0.4191894530994147,1,1 (60).jpg
45.470703125,27.937478084683622,1,12444.0,21.08866,1.7935422701402162,0.04418945312230289,0.06268310546492413,0.03820800781016797,0.08215332030748576,0.08593749999475479,0.10479736327485367,0.07440185546420887,0.08245849608871714,0.4251708984115496,1,1 (61).jpg
45.87152099609375,27.692770898559186,1,12569.0,22.182611,1.8058355766279228,0.042358398434914644,0.061889648433722556,0.03735351562272012,0.08184814452625438,0.08642578124472498,0.11022949218077212,0.07342529296426847,0.08392333983862772,0.4225463866929598,1,1 (62).jpg
78.206787109375,43.01446105887119,1,12567.0,28.13116,1.7826004734026282,0.028686523435749112,0.05084228515314683,0.03460693359163776,0.09771728515028581,0.12170410155507178,0.14147949217886477,0.07409667968297749,0.07666015624532103,0.3742065429459102,1,1 (63).jpg
103.57232666015625,55.75885968092184,1,12679.0,44.754326,2.087387998503105,0.05554199218410998,0.06243896483993903,0.04785156249707937,0.0875854492134042,0.10656738280599565,0.1044921874936223,0.06817626952708884,0.07739257812027633,0.3899536132574491,1,1 (64).jpg
69.24896240234375,39.50986443093833,1,12508.5,32.675095,2.0275669881954768,0.05230712890305742,0.07342529296426847,0.046630859372153874,0.08129882812003791,0.09698486327533051,0.08770751952589675,0.06671142577717826,0.08099365233880654,0.4139404296622351,1,1 (65).jpg
79.26336669921875,43.87628576945807,1,12608.5,33.32027,2.045797364226199,0.04675292968464643,0.06817626952708884,0.0470581054658778,0.09112548827568814,0.10662841796224191,0.10742187499344348,0.06774902343336493,0.07879638671394065,0.38629150388267264,1,1 (66).jpg
109.0704345703125,59.81009207622588,1,12514.5,38.778725,2.073171281499427,0.06286621093366294,0.07299804687054455,0.049194335934497416,0.07977294921388105,0.09527587890043482,0.08703613280718774,0.05749511718399077,0.08331298827616497,0.41204833981860056,1,1 (67).jpg
51.16534423828125,29.28464649213963,1,12482.5,21.641335,1.886783238212632,0.051818847653087224,0.06958007812075316,0.041992187497437,0.08093261718256026,0.08642578124472498,0.09051513671322539,0.06506347655852884,0.08044433593259007,0.4332275390360579,1,1 (68).jpg
60.71038818359375,34.89062219401714,1,12525.5,26.00462,1.9630241312555035,0.06072998046504333,0.0670776367146559,0.04394531249731779,0.0764770507765822,0.08605957030724734,0.09136962890067324,0.06433105468357354,0.08300781249493361,0.42700195309893785,1,1 (69).jpg
95.12969970703125,52.02145963406498,1,12597.0,42.36856,2.171214265993732,0.06286621093366294,0.07196044921435787,0.05206298827807233,0.08294677733868733,0.10186767577503249,0.0921630859318748,0.061645507808737454,0.07958984374514222,0.3948974609133974,1,1 (7).jpg
59.93896484375,35.171764775242856,1,12397.0,25.06891,1.948097326747424,0.05895996093390137,0.07220458983934298,0.04547119140347466,0.07232666015183553,0.07977294921388105,0.08172607421376184,0.06536865233976022,0.078430175776463,0.4457397460665442,1,1 (70).jpg
51.9915771484375,32.92527757916319,1,12252.0,24.79168,1.9266290673478876,0.05511474609038606,0.06890869140204414,0.0424804687474072,0.0781860351514779,0.08941650390079245,0.08081054687006771,0.05920410155888647,0.0806274414013289,0.445251464816574,1,1 (71).jpg
71.163330078125,41.03417804247476,1,12381.5,29.768532,1.9175511012492465,0.044006347653564065,0.0632324218711406,0.043273925778608766,0.0878295898383893,0.09997558593139798,0.10125732421256974,0.07092285155817121,0.07659912108907475,0.4129028320060484,1,1 (72).jpg
53.11285400390625,31.324010340904366,1,12425.0,22.359346,1.8249012268606999,0.04772949218458682,0.06146240233999863,0.0361938476540409,0.08020019530760497,0.0953369140566811,0.10375976561866701,0.06677246093342454,0.08233642577622458,0.4262084960677363,1,1 (73).jpg
52.61260986328125,30.380911279791572,1,12519.5,22.439442,1.8629430155850093,0.05200195312182605,0.06390380858984962,0.037231445310227575,0.07952880858889594,0.09149169921316579,0.09851074218148738,0.06518554687102139,0.07897949218267947,0.4331665038798116,1,1 (74).jpg
46.0426025390625,30.67645774895898,1,12166.0,27.092695,1.8986023454400849,0.048950195309512314,0.05999755859008804,0.038452148435153065,0.07904052733892575,0.10491943358734622,0.10809326171215251,0.06530761718351394,0.07440185546420887,0.4208374023180641,1,1 (75).jpg
45.4915771484375,30.96692969475072,1,12056.0,27.041483,1.8790378117030189,0.04870605468452722,0.05950927734011784,0.04138183593497425,0.08129882812003791,0.10131835936881602,0.09832763671274855,0.0668334960896708,0.07617187499535083,0.4264526366927214,1,1 (76).jpg
71.7686767578125,40.17983050731656,1,12607.5,32.616985,2.035098243960669,0.05426025390293822,0.06567382812099158,0.04284667968488484,0.08502197265106066,0.10070800780635326,0.09936523436893523,0.06738281249588728,0.08056640624508261,0.4041748046628311,1,1 (77).jpg
69.08465576171875,41.71479205129131,1,12120.5,29.81554,1.9566623705664339,0.05395507812170684,0.06628417968345433,0.04571533202845976,0.07812499999523163,0.09320068358806148,0.09210205077562854,0.06628417968345433,0.0781860351514779,0.42614746091149003,1,1 (78).jpg
46.79473876953125,27.687004777511103,1,12515.0,22.265656,1.8876007797525467,0.048278808590803295,0.07006835937072337,0.04412841796605661,0.07836914062021673,0.09185791015064344,0.09136962890067324,0.06481933593354373,0.08209228515123948,0.42901611325506495,1,1 (79).jpg
49.38909912109375,29.958736772482084,1,12545.0,23.05252,1.9091991068826941,0.05389404296546057,0.07006835937072337,0.04315185546611622,0.07556152343288809,0.08599853515100106,0.09552001952541991,0.06732177733964101,0.08599853515100106,0.4224853515367135,1,1 (8).jpg
47.06573486328125,27.533990228308593,1,12591.0,21.9672,1.901714102567079,0.05084228515314683,0.06732177733964101,0.039550781247586014,0.0832519531199187,0.0946044921817258,0.09472656249421835,0.06744384765213356,0.08416748046361282,0.41809082028698175,1,1 (80).jpg
61.79583740234375,35.044506506527696,1,12394.0,26.062302,1.946735588804024,0.06268310546492413,0.07623291015159711,0.04046630859128013,0.07196044921435787,0.07623291015159711,0.07934570312015712,0.056091308590326454,0.08239746093247086,0.45458984372225403,1,1 (81).jpg
83.00555419921875,50.350210594831076,1,12569.5,42.59457,2.169391622673388,0.04998779296569899,0.06268310546492413,0.05511474609038606,0.09649658202536031,0.12188720702381059,0.10375976561866701,0.06475830077729747,0.06976318358949199,0.3755493163833283,1,1 (82).jpg
36.7852783203125,22.724058829320022,1,11616.0,19.820667,1.691050712769628,0.03283691406049579,0.052917480465520174,0.030883789060615,0.089538574213285,0.09606933593163638,0.12036132811765372,0.06970214843324572,0.07598876952661202,0.431701660129901,1,1 (83).jpg
68.13262939453125,40.32563133720894,1,12333.0,27.436436,1.9548374938385644,0.05108642577813193,0.0649414062460363,0.04351806640359387,0.08636474608847872,0.10552978514980897,0.09954833983767405,0.06384277343360334,0.07855224608895554,0.40661621091268213,1,1 (84).jpg
93.32891845703125,50.015787582250894,1,12610.0,33.601692,2.0066879351761884,0.04711914062212408,0.06713867187090218,0.04388427734107152,0.08587646483850851,0.10815429686839878,0.10797119139965997,0.06976318358949199,0.07849121093270928,0.3916015624760985,1,1 (85).jpg
79.0009765625,41.89439993742169,1,12733.0,31.543688,2.009411482573536,0.05603027343408018,0.07080078124567867,0.04290771484113112,0.0817871093700081,0.09875488280647247,0.09814453124400974,0.06018066405882686,0.08435058593235165,0.40704345700640604,1,1 (86).jpg
75.739990234375,42.04841102266713,1,12701.0,38.42335,2.0669344677345944,0.044921874997258186,0.061279296871259804,0.044006347653564065,0.09600830077539012,0.12701416014849767,0.11413574218053371,0.06848144530832022,0.07550048827664181,0.3686523437274992,1,1 (87).jpg
77.045654296875,43.387637080479095,1,12398.0,27.35399,1.8294920483364279,0.052185058590564874,0.06970214843324572,0.036315917966533454,0.07702636718279868,0.08020019530760497,0.08917236327580735,0.060241699215073136,0.08258056640120968,0.452575683566127,1,1 (88).jpg
85.287841796875,48.82585153337673,1,12480.5,31.424591,1.9370832840660193,0.04229736327866837,0.06030273437131941,0.042358398434914644,0.09320068358806148,0.10760498046218231,0.1138916015555486,0.07232666015183553,0.07879638671394065,0.38922119138249384,1,1 (89).jpg
60.34844970703125,33.90213621773543,1,12418.0,23.159452,1.7917370886278952,0.04583740234095231,0.06286621093366294,0.036682128904011096,0.08105468749505282,0.08868408202583715,0.0999145507751517,0.062194824214953925,0.08514404296355321,0.43762207028578964,1,1 (9).jpg
98.34149169921875,53.40766502771239,1,12676.5,40.338367,2.1245594018635607,0.06304931640240177,0.07049560546444729,0.05102539062188566,0.08587646483850851,0.0974731445253007,0.08404541015112027,0.05871582030891627,0.08227539061997831,0.40704345700640604,1,1 (90).jpg
74.6893310546875,44.56112669300641,1,12362.5,33.532978,2.077389879443034,0.0574340820277445,0.0692749023395218,0.04907226562200487,0.08331298827616497,0.09466552733797207,0.09399414061926305,0.06622314452720805,0.07830810546397045,0.4077148437251151,1,1 (91).jpg
46.403564453125,32.77459457864695,1,11404.0,24.340782,1.8628608424457715,0.03424072265416011,0.05651855468405038,0.04394531249731779,0.0943603515567407,0.11187744139942155,0.1216430663988255,0.0649414062460363,0.0721435546830967,0.4003295898193158,1,1 (92).jpg
76.07928466796875,42.85690273328958,1,12507.0,27.496063,1.9310725715131332,0.052917480465520174,0.0661010742147155,0.04486083984101191,0.08184814452625438,0.09075927733821049,0.09765624999403953,0.06158447265249118,0.08081054687006771,0.42346191403665395,1,1 (93).jpg
75.16351318359375,47.325520513320924,1,12033.0,32.44759,1.823961636154145,0.034362792966652664,0.05749511718399077,0.033630371091697364,0.08892822265082224,0.1206665038988851,0.11950683593020588,0.061645507808737454,0.06689453124591709,0.41687011716205624,1,1 (94).jpg
99.38946533203125,54.96513666756458,1,12470.5,29.744305,1.800940564077449,0.04064941406001896,0.06231689452744648,0.03887939452887699,0.08660888671346381,0.09283447265058384,0.11016845702452585,0.06689453124591709,0.0817871093700081,0.4198608398181237,1,1 (95).jpg
100.2733154296875,54.489001415316785,1,12581.0,31.021349,1.8453758577241788,0.04315185546611622,0.06439208983981981,0.035278320310346785,0.08721923827592656,0.09582519530665129,0.10717773436845839,0.06604003905846924,0.08489990233856812,0.4160156249746084,1,1 (96).jpg
79.50048828125,44.339226885199594,1,12401.5,29.602997,1.9000898600413536,0.04602050780969113,0.06457519530855864,0.04083251952875778,0.08795166015088185,0.09790039061902463,0.10107421874383092,0.06103515624627471,0.08258056640120968,0.41802978513073547,1,1 (97).jpg
51.75311279296875,33.521461413850766,1,12425.0,25.850159,1.8356952188623636,0.04016113281004876,0.06158447265249118,0.03533935546659306,0.08911132811956107,0.10388183593115956,0.11193847655566781,0.058288574215192346,0.08123779296379163,0.4184570312244594,1,1 (98).jpg
67.846923828125,39.24902815663455,1,12589.0,28.510422,1.90078286419716,0.02862548827950284,0.050415039059422906,0.035949707029055804,0.10900878905584663,0.13806152342907338,0.13342285155435651,0.06762695312087237,0.07128906249564886,0.3656005859151855,1,1 (99).jpg
