gradient_mean,std_brightness,mean_brightness,entropy_mean,lbp_6,lbp_2,vessel_length,lbp_1,lbp_3,lbp_7,lbp_8,lbp_5,lbp_0,lbp_4,exudates_area
74.1656,43.7555167262198,77.19775390625,1.8430418347488533,0.0621337890587076,0.0399780273413099,452,0.0678100585896112,0.0840454101511202,0.082214355463732,0.4305419921612218,0.1016845703062936,0.0498046874969601,0.0817871093700081,2857
63.855545,49.71289571810692,75.7227783203125,1.842025850874017,0.0616455078087374,0.033996582029175,272,0.0581054687464535,0.0883178710883595,0.0717163085893727,0.4055175781002492,0.1185302734302654,0.0427246093723922,0.1194458007739596,2969
78.214584,35.62878638979158,53.41241455078125,1.9654562087924303,0.0573120117152519,0.0425415039036534,323,0.0678710937458574,0.0781249999952316,0.0736694335892535,0.4267578124739528,0.1060791015560254,0.0552368164028786,0.0924072265568599,2675
115.88231,33.90213621773543,60.34844970703125,1.7595202767379627,0.0591430664026401,0.0320434570292942,779,0.0679321289021037,0.08355712890115,0.0844726562448442,0.442138671848014,0.1062011718685179,0.0453491210909821,0.0791625976514183,2819
102.26047,29.925243689981208,51.25482177734375,1.9442763054131973,0.0603637695275656,0.041564941403713,699,0.0765380859328284,0.0771484374952912,0.0825195312449634,0.4231567382554225,0.0975952148377932,0.0553588867153711,0.0857543945260159,2766
67.98955,27.967308390615194,43.2305908203125,1.7964099030343528,0.0590820312463939,0.0366210937477648,314,0.0674438476521335,0.0838012695261351,0.0781249999952316,0.433715820286028,0.1098022460870482,0.0453491210909821,0.0860595703072473,2876
126.20804,52.2265829920461,93.14593505859376,2.116018769271854,0.0592041015588864,0.049560546871975,570,0.0764770507765822,0.0813598632762841,0.0792236328076645,0.4084472656000703,0.0916748046819046,0.0621948242149539,0.0918579101506434,3043
91.6231,56.28965785739499,100.9742431640625,1.8654298136068603,0.0733032226517759,0.0332031249979734,565,0.0574340820277445,0.0955810546816662,0.064208984371081,0.3770751952894851,0.1491699218658954,0.0344238281228989,0.1156005859304443,2843
82.33195,46.72534507717928,79.2177734375,2.0126854702851533,0.0532226562467515,0.0430297851536236,482,0.0757446289016269,0.075988769526612,0.0822753906199783,0.4340820312235057,0.0857543945260159,0.0674438476521335,0.0824584960887171,2844
96.587036,40.8409800752226,71.1595458984375,2.0443836021755244,0.0564575195278041,0.0458374023409523,571,0.0772094726515375,0.0836791992136426,0.0823364257762245,0.4170532226307951,0.0883178710883595,0.0604248046838119,0.0886840820258371,3033
58.90161,43.11908196459415,73.53521728515625,1.921619705422411,0.0623168945274464,0.0435791015598401,241,0.06799316405835,0.0802612304638512,0.0797119140576347,0.4133300780997723,0.1065673828059956,0.053771972652968,0.0924682617131061,2958
63.01086,43.833325120054255,78.370361328125,1.837309205486576,0.0656738281209915,0.0386962890601381,384,0.0648193359335437,0.0844116210885979,0.0793457031201571,0.4152832030996531,0.115539550774198,0.0475463867158479,0.0886840820258371,2928
86.57144,34.54545960423263,63.8001708984375,1.828721395869836,0.0592651367151327,0.0333862304667122,352,0.0776367187452614,0.0765991210890747,0.0845336914010904,0.4462890624727607,0.092651367181845,0.0545043945279233,0.0751342773391641,2973
75.093864,22.750985081585068,35.73065185546875,1.653270563669353,0.0584716796839311,0.0307617187481224,330,0.0605468749963045,0.0817871093700081,0.0796508789013885,0.4617919921593144,0.1129150390556082,0.0413818359349742,0.0726928710893131,2894
98.794075,40.54125506969029,74.95355224609375,1.841185996958815,0.0616455078087374,0.0355224609353318,555,0.0680541992145963,0.0830688476511798,0.0828247070261947,0.4209594726305566,0.1119384765556678,0.052001953121826,0.083984374994874,2915
111.19268,44.32557026903839,81.0628662109375,1.7997115561431525,0.0650634765585288,0.0332641601542197,565,0.0600585937463343,0.0952758789004348,0.0763549804640896,0.3963012695070617,0.1318359374919533,0.0365600585915185,0.1052856445248238,3083
74.63074,39.52638969882562,65.08135986328125,1.8226541664526288,0.0643920898398198,0.0413818359349742,341,0.0556640624966025,0.0990600585877038,0.0726318359330669,0.3949584960696436,0.1383056640540585,0.0314941406230777,0.1021118164000175,2913
121.738205,28.88330158290843,48.99176025390625,1.9245772238013923,0.0617065429649837,0.0441894531223028,718,0.0758666992141194,0.0691528320270292,0.0787353515576943,0.4531860351285897,0.0899658203070089,0.0601806640588268,0.0670166015584096,2584
93.47481,17.620691056788512,27.1650390625,1.852089810326771,0.0623168945274464,0.0382080078101679,591,0.0676269531208723,0.0892333984320536,0.0769653320265524,0.4190063476306758,0.1062011718685179,0.0480346679658181,0.0924072265568599,2935
99.46005,40.17983050731656,71.7686767578125,2.009629953914993,0.0656738281209915,0.0427856445286385,658,0.0676269531208723,0.0830078124949336,0.0778198242140002,0.4079589843501001,0.1032104492124505,0.0552978515591248,0.0966186523378528,2920
73.51767,45.228526533835264,78.29864501953125,1.8160695666552968,0.0592041015588864,0.0348510742166228,392,0.0715332031206339,0.0823364257762245,0.0844116210885979,0.4445190429416187,0.0942993164004944,0.0546874999966621,0.0741577148392237,2863
105.625084,43.01445440336543,78.77972412109375,1.9517856774890223,0.0631713867148943,0.039123535153862,523,0.073547363276761,0.0830688476511798,0.0805053710888363,0.4158935546621158,0.1049804687435925,0.0522460937468111,0.0874633789009116,2846
77.682526,41.88714493623913,73.66290283203125,1.9338115875493287,0.0521240234343186,0.0393676757788471,467,0.0709838867144174,0.0786743164014481,0.0817260742137618,0.440368652316872,0.0910034179631956,0.0618286132774762,0.0839233398386277,2904
89.42627,44.30484291513374,75.86505126953125,1.8259740767767971,0.0623779296836927,0.0375976562477052,522,0.0607910156212896,0.0972900390565618,0.0772705078077837,0.4122314452873394,0.1102294921807721,0.0407104492162652,0.1015014648375548,3036
111.93494,53.40766502771239,98.34149169921876,2.087215470861308,0.0561523437465727,0.0482788085908032,724,0.0755004882766418,0.0864257812447249,0.0814208984325304,0.4145507812246978,0.0867309570259563,0.0615844726524911,0.0893554687445461,2839
89.93529,24.387348397815497,39.65753173828125,1.6859812812390176,0.0556030273403562,0.0305786132793836,374,0.0665283203084394,0.0802612304638512,0.0806884765575751,0.4675292968464642,0.1022338867125101,0.0450439453097507,0.0715332031206339,2677
82.77938,50.81220952934999,85.04180908203125,2.0062051607824247,0.0558471679653413,0.0415039062474668,566,0.0676879882771186,0.0820312499949932,0.08044433593259,0.4116821288811229,0.0934448242130465,0.0584106445276848,0.1089477538996003,2925
97.93802,45.6179601593994,82.48431396484375,1.7890657504584595,0.0576782226527296,0.0330810546854808,567,0.0703124999957084,0.0840454101511202,0.0845947265573367,0.4414062499730587,0.1007690429625995,0.0474243164033554,0.0806884765575751,3000
73.974846,45.66253425869249,76.43963623046875,1.886538782845308,0.0573120117152519,0.0409545898412503,370,0.0722045898393429,0.08044433593259,0.0792846679639108,0.4415893554417975,0.0896606445257775,0.0568237304652817,0.0817260742137618,2988
72.07293,39.85357859465624,68.857177734375,1.844917601690505,0.0585327148401774,0.0368041992165036,412,0.0732421874955296,0.0776977539015077,0.0839233398386277,0.4454956054415591,0.0938110351505242,0.0574340820277445,0.0730590820267908,2963
89.7192,45.80845086843204,77.3331298828125,1.7085646519825528,0.0675659179646261,0.0288696289044879,566,0.0474853515596017,0.1042480468686372,0.0681762695270888,0.3880004882575683,0.1478881835847236,0.02490234374848,0.1228637695237509,2994
103.00429,35.228382549192105,61.895751953125,1.9402294264776272,0.0632934570273868,0.0441894531223028,742,0.0733032226517759,0.07733154296403,0.0805053710888363,0.4320068359111323,0.0940551757755093,0.0565185546840503,0.0787963867139406,2766
68.20328,49.85132371393623,89.5777587890625,1.8397937158026108,0.0632934570273868,0.0348510742166228,412,0.0710449218706637,0.0891723632758073,0.0771484374952912,0.4194335937243998,0.1105957031182497,0.0440673828098103,0.0903930664007328,2856
59.554375,32.77459457864695,46.403564453125,1.823896075428581,0.0612792968712598,0.0417480468724519,263,0.0587768554651625,0.0972900390565618,0.0712890624956488,0.403930664037846,0.1277465820234529,0.0339355468729287,0.1040039062436521,2953
80.47628,46.56847614366006,72.70361328125,1.907979834829772,0.0569458007777743,0.0418090820286981,606,0.064453124996066,0.0919189453068897,0.075317382807903,0.4194335937243998,0.1030273437437117,0.0475463867158479,0.099548339837674,2769
67.32556,44.89943482200852,78.2371826171875,1.9089481526528291,0.058898925777655,0.0421752929661758,449,0.0687255859333053,0.0901489257757477,0.0799560546826198,0.4131469726310335,0.1029663085874654,0.0480346679658181,0.0959472656191438,2930
88.21066,44.44141021725815,79.41162109375,2.092640114273684,0.0536499023404754,0.0479125976533256,456,0.0746459960891939,0.0774536132765226,0.0858154296822622,0.4229125976304375,0.0854492187447845,0.0726318359330669,0.0795288085888959,2963
67.38991,28.43092520001652,46.0740966796875,1.6541959990677562,0.0645141601523123,0.0305175781231373,394,0.0639038085898496,0.0758666992141194,0.0823364257762245,0.4614868163780831,0.1111450195244662,0.045104980465997,0.0651245117147751,2825
74.03461,43.05520179712534,70.01214599609375,1.914010930431051,0.0628051757774166,0.0416259765599593,356,0.0628662109336629,0.0983886718689948,0.0750732421829178,0.4038696288815997,0.1087646484308615,0.0451660156222432,0.1014404296813085,2864
105.86621,44.717827500185706,78.4755859375,1.916265804506451,0.0549926757778935,0.0387573242163844,666,0.0707397460894323,0.0857543945260159,0.0806274414013289,0.4296264648175277,0.0986328124939799,0.0536499023404754,0.0872192382759265,2814
94.51145,38.65450516831061,69.29595947265625,1.9405575863306408,0.0699462890582308,0.0425415039036534,659,0.0682983398395814,0.0919799804631359,0.0769653320265524,0.3984374999756813,0.1118164062431752,0.0483398437470495,0.0916748046819046,2997
106.83044,39.43510892426577,70.58038330078125,1.865500016055996,0.0656127929647453,0.0362548828102871,736,0.0767822265578135,0.0748291015579327,0.076660156245321,0.434143066379752,0.1002807617126293,0.0473022460908629,0.0881347656196206,2828
152.53624,41.2199177927246,75.77783203125,1.881473515320423,0.0629882812461555,0.0347900390603765,883,0.0767211914015673,0.0795898437451422,0.0795288085888959,0.4348754882547073,0.0980834960877634,0.0515136718718558,0.0819091796825006,3028
67.24704,36.83433731740749,60.96929931640625,1.6598646789598757,0.0664062499959468,0.0274047851545773,373,0.0524902343717962,0.0986938476502262,0.0761108398391045,0.4086303710688092,0.1356201171792224,0.0297241210919357,0.1049194335873462,3001
80.65001,41.74911257948539,69.87353515625,1.7732500971075398,0.0618286132774762,0.0355834960915781,530,0.0658569335897304,0.0896606445257775,0.0812377929637916,0.4295043945050351,0.1096801757745556,0.041992187497437,0.084655761713583,2819
73.7003,40.08265358174342,64.403564453125,1.7959793594100684,0.0640258789023421,0.0397338867163248,326,0.0508422851531468,0.0955810546816662,0.0758666992141194,0.4004516601318084,0.1314697265544757,0.0338745117166824,0.1081542968683987,2899
70.137375,27.670553770286507,43.57574462890625,1.8399723614710104,0.0590209960901476,0.0374755859352126,376,0.0672607421833947,0.08044433593259,0.0809326171825602,0.4276733398176469,0.1114501953056976,0.0480346679658181,0.0877075195258967,2840
78.56745,43.10795767287244,77.980712890625,1.9271379334029155,0.0571289062465131,0.0400390624975562,599,0.0715332031206339,0.0827026367137022,0.0836181640573963,0.4188842773181833,0.1019287109312787,0.0576171874964833,0.0865478515572175,3031
95.08534,35.98452875361845,50.35162353515625,1.9407764239456249,0.0582885742151923,0.0439453124973177,619,0.0670166015584096,0.0966796874940991,0.0789184570264332,0.4054565429440029,0.1073608398371972,0.0469360351533852,0.0953979492129273,2902
59.92694,22.646590666379616,30.85247802734375,1.6336207007508006,0.0594482421838715,0.0302124023419059,219,0.0665283203084394,0.0779418945264928,0.0808715820263139,0.4685668945026509,0.1022949218687564,0.0451660156222432,0.0689697265582904,2794
86.4949,30.97326028138397,51.6285400390625,1.7845330400443404,0.0610961914025209,0.0344238281228989,388,0.0654296874960064,0.0849609374948144,0.0772094726515375,0.4352416991921849,0.1141967773367799,0.0424194335911609,0.0850219726510606,2942
103.04173,35.43128850762029,61.6878662109375,1.9210613350582744,0.0610351562462747,0.0436401367160864,698,0.0714111328081414,0.0801391601513586,0.0760498046828582,0.437255859348312,0.0932006835880614,0.055786132809095,0.0814819335887767,2770
69.0613,46.70216816415424,86.33831787109375,1.7329518307199878,0.0610351562462747,0.0299682617169208,326,0.0692749023395218,0.0807495117138214,0.088439941400852,0.4306030273174681,0.1177978515553101,0.0449218749972581,0.0772094726515375,3054
73.9718,25.535754381923844,42.0537109375,1.6452037555537664,0.0572509765590056,0.0293579101544581,362,0.0626220703086778,0.0827636718699485,0.0819091796825006,0.4576416015345678,0.1139526367117948,0.0403442382787875,0.0741577148392237,2891
66.98825,40.61262375461836,58.9595947265625,1.971027661794069,0.0557250976528488,0.0429687499973773,457,0.0675048828083798,0.0853881835885383,0.0745239257767014,0.4235839843491464,0.1022949218687564,0.0543212890591844,0.0936889648380316,2923
61.169235,31.67555643374228,54.43505859375,1.6630056706746306,0.0675048828083798,0.0286254882795028,475,0.0560913085903264,0.0930175781193226,0.0820312499949932,0.4141235351309739,0.1360473632729463,0.0312499999980926,0.0913085937444269,3022
88.09207,47.89320622246933,84.30340576171875,1.9880800355078156,0.0571289062465131,0.0427856445286385,565,0.0741577148392237,0.0758666992141194,0.0809326171825602,0.4353637695046775,0.0909423828069493,0.0647583007772974,0.0780639648389853,2931
84.93088,47.58261657209522,83.24169921875,1.7769502099249197,0.0703124999957084,0.0344238281228989,329,0.0580444335902072,0.1017456054625399,0.0708618164019249,0.3949584960696436,0.1339111328043267,0.0298461914044283,0.1058959960872866,2897
85.23425,42.60187945080982,72.6744384765625,1.8310229445615072,0.0590209960901476,0.0372314453102275,670,0.0727539062455594,0.0756835937453806,0.0848999023385681,0.4368286132545881,0.100219726556383,0.0534057617154903,0.0799560546826198,2836
89.24381,46.14954032564245,81.83831787109375,1.755038426623919,0.0573120117152519,0.0317993164043091,580,0.0699462890582308,0.0845336914010904,0.0836791992136426,0.4492797851288281,0.100646972650107,0.0451660156222432,0.0776367187452614,2996
67.52788,44.014329034009855,72.420654296875,1.8323990916257116,0.059997558590088,0.0394897460913397,345,0.0667114257771782,0.0794067382764033,0.0786132812452018,0.4437866210666634,0.0971679687440693,0.0510864257781319,0.0837402343698889,2766
92.994064,45.04050017388175,78.78802490234375,1.9526185551876836,0.0531005859342589,0.0411987304662354,532,0.0738525390579924,0.0770263671827986,0.0812377929637916,0.436584472629603,0.0952148437441885,0.0609741210900284,0.0808105468700677,2967
126.82747,52.02145963406498,95.12969970703124,2.1418545762713976,0.0597534179651029,0.0493164062469899,632,0.0756835937453806,0.0834960937449038,0.0806274414013289,0.398376464819435,0.0975341796815469,0.0623168945274464,0.0928955078068301,2878
104.25227,30.602669900116044,47.714599609375,1.8576346496470515,0.0626220703086778,0.0427856445286385,642,0.0643310546835735,0.0999145507751517,0.0745849609329477,0.4096679687249958,0.111755371086929,0.0407714843725115,0.0935668945255391,2809
71.56642,44.61784578842012,77.9527587890625,1.9675408781154289,0.0552978515591248,0.0482788085908032,471,0.0682983398395814,0.0778808593702465,0.0819091796825006,0.4235839843491464,0.0943603515567407,0.0610961914025209,0.0892944335882999,2820
77.07948,32.14550775681564,54.69720458984375,1.9035816624619688,0.0640258789023421,0.0392456054663546,394,0.0638427734336033,0.0927734374943375,0.0773925781202763,0.4069824218501597,0.1083984374933838,0.0460205078096911,0.101318359368816,2852
115.27246,44.85109176813976,82.404052734375,1.7455904900874235,0.0634155273398794,0.0293579101544581,649,0.0616455078087374,0.0906982421819642,0.0770263671827986,0.4227294921616986,0.1251831054611094,0.0378417968726903,0.0921020507756285,3201
111.342125,42.86026544124861,73.35479736328125,1.9667321001636937,0.0541381835904456,0.038452148435153,572,0.0772705078077837,0.0783081054639704,0.0819702148387469,0.4378662109107747,0.0913696289006732,0.0622558593712002,0.0783691406202167,2800
103.00998,40.22839522057824,72.27886962890625,1.847877249681262,0.0664062499959468,0.0354003906228393,547,0.0701293945269696,0.0828247070261947,0.0812988281200379,0.4180908202869817,0.1101684570245258,0.0452270507784895,0.0904541015569791,2867
79.08516,44.7931436771225,72.95184326171875,2.080024466036363,0.0547485351529084,0.048217773434557,430,0.0646362304648049,0.0864868164009712,0.0746459960891939,0.4149780273184217,0.0899658203070089,0.0614624023399986,0.1048583984310999,2802
76.354095,39.76013262877708,73.67333984375,1.7863216994221576,0.0658569335897304,0.0340576171854212,450,0.0573730468714982,0.099548339837674,0.0798950195263736,0.3867797851326428,0.1387939453040287,0.0330200195292346,0.1046752929623611,2934
102.17948,43.4603284071064,73.7681884765625,1.941920265493423,0.0572509765590056,0.0431518554661162,595,0.0698852539019845,0.0841674804636128,0.0789794921826794,0.4191284179431684,0.0971679687440693,0.0560302734340801,0.0942382812442481,2976
89.01079,38.04320448886504,54.94482421875,2.0116665836988226,0.0715332031206339,0.0463256835909225,566,0.0501098632781915,0.1071777343684583,0.0651245117147751,0.3568725585719682,0.1300659179608114,0.0357055664040707,0.137084960929133,2853
87.03042,41.78941612068183,71.89642333984375,1.8892970084023133,0.0586547851526699,0.0374755859352126,432,0.0671997070271484,0.0854492187447845,0.0769042968703061,0.4317626952861473,0.0950317382754497,0.055114746090386,0.0924072265568599,2946
76.35021,41.11843101234516,74.083251953125,1.8680249941793343,0.0709228515581712,0.0388793945288769,531,0.0603027343713194,0.0864868164009712,0.0748291015579327,0.3916625976323448,0.1243286132736615,0.0412597656224817,0.111328124993205,2933
122.69814,41.83845163439074,75.03057861328125,1.772207443072665,0.0588378906214088,0.0339355468729287,748,0.0689086914020441,0.0799560546826198,0.0809936523388065,0.4431152343479543,0.1105957031182497,0.0458374023409523,0.0778198242140002,3137
56.343643,39.7102535619213,63.90057373046875,1.6596862546709108,0.0640869140585884,0.0274658203108236,181,0.0546874999966621,0.101318359368816,0.0801391601513586,0.41058349606869,0.136657714835409,0.0271606445295922,0.0979003906190246,2975
62.163544,42.82348665156035,62.0462646484375,1.97472582716858,0.0548095703091546,0.0473632812471091,331,0.0694580078082606,0.0817260742137618,0.0740966796829774,0.4320678710673786,0.0885620117133446,0.0541992187466919,0.0977172851502858,2696
84.692764,44.56112669300641,74.6893310546875,2.050128244734023,0.0619506835899688,0.0473022460908629,609,0.072448730464328,0.0825195312449634,0.0764770507765822,0.4134521484122648,0.0975341796815469,0.056884765621528,0.0914306640569195,2902
65.33061,30.85535555170556,54.1822509765625,1.688072547463865,0.0701293945269696,0.0317382812480628,388,0.0697631835894919,0.0798339843701273,0.082885742182441,0.4406738280981034,0.112426757805638,0.0385742187476456,0.0739746093704849,3141
105.4194,35.34707965816876,63.581787109375,1.707117245666871,0.0610351562462747,0.0322875976542793,550,0.0670776367146559,0.0732421874955296,0.0823974609324708,0.4573974609095826,0.106445312493503,0.0463256835909225,0.0737915039017461,3056
80.62657,46.48038847923,81.7364501953125,1.963450683106841,0.0564575195278041,0.0449829101535044,551,0.0700683593707233,0.0880126953071281,0.0805053710888363,0.4234008788804076,0.0953979492129273,0.0553588867153711,0.0858154296822622,2856
77.45122,44.24664281104664,76.78997802734375,1.8180649314310584,0.0612182617150135,0.036010742185302,449,0.0695190429645069,0.0850219726510606,0.0834350585886575,0.4304809570049755,0.1055908203060552,0.0477294921845868,0.0809936523388065,2843
60.068695,45.456469968059714,80.87335205078125,1.6070374002556185,0.0630493164024017,0.0255126953109428,343,0.0656738281209915,0.079101562495172,0.0819091796825006,0.4646606445028893,0.1105346679620035,0.0401611328100487,0.0693969726520143,2852
76.13132,45.985790174808585,77.16619873046875,1.8587637656462528,0.0559082031215876,0.0367431640602573,407,0.0725097656205743,0.0806884765575751,0.0858154296822622,0.4364013671608641,0.0925903320255987,0.0555419921841099,0.0838012695261351,2900
71.00763,45.012089396773725,75.85052490234375,1.8587437575251649,0.0612182617150135,0.0360717773415483,470,0.0676879882771186,0.0867919921822026,0.0806274414013289,0.4248046874740719,0.1011962890563234,0.0479125976533256,0.0936889648380316,2866
79.661575,41.35845903431484,74.0738525390625,1.9572369641446368,0.055114746090386,0.0393066406226009,449,0.0709838867144174,0.0787353515576943,0.0838623046823814,0.4329223632548265,0.0925903320255987,0.0609130859337821,0.0855712890572771,2862
92.19896,17.74047241882795,27.2921142578125,1.8245660919551567,0.0628662109336629,0.0355834960915781,598,0.0651245117147751,0.0919189453068897,0.074890136714179,0.4185791015369519,0.1112060546807125,0.0416259765599593,0.098205566400256,2980
73.7026,44.389110183138,77.30682373046875,2.0135276374570075,0.0586547851526699,0.045104980465997,560,0.0703735351519547,0.0852661132760457,0.0803833007763437,0.4004516601318084,0.1032714843686968,0.0576782226527296,0.0988159179627187,2964
76.02287,44.366428823511846,81.96337890625,1.813583456930815,0.0607299804650433,0.0323486328105255,524,0.0751342773391641,0.0747680664016865,0.0894775390570387,0.4366455077858492,0.0999755859313979,0.0545043945279233,0.0764160156203359,2875
63.45355,47.30347416906163,73.22625732421875,1.869606873160359,0.0610351562462747,0.0407714843725115,475,0.0603637695275656,0.0913696289006732,0.0709838867144174,0.4091186523187793,0.1194458007739596,0.040222167966295,0.1066894531184882,2874
96.11136,36.869514028106536,61.62701416015625,1.879411571126102,0.0618896484337225,0.040222167966295,577,0.0638427734336033,0.0840454101511202,0.0740356445267312,0.4271240234114304,0.105102539056085,0.0484008789032958,0.0953369140566811,3045
109.786575,41.89439993742169,79.0009765625,1.9867371517453032,0.0572509765590056,0.0402832031225413,730,0.0752563476516567,0.0822753906199783,0.0827636718699485,0.41058349606869,0.1029663085874654,0.0549926757778935,0.0936279296817854,2942
70.8804,39.8825046970173,60.2249755859375,2.0464075200115426,0.055786132809095,0.0473022460908629,401,0.070007324214477,0.0818481445262543,0.0792846679639108,0.4043579101315699,0.1048583984310999,0.056884765621528,0.0996704101501666,2933
80.39988,50.173915595669214,82.0941162109375,1.9293007625339775,0.0573120117152519,0.0444946289035342,475,0.0640869140585884,0.0881958007758669,0.0752563476516567,0.4238281249741316,0.0974121093690544,0.0519409179655797,0.0974731445253007,2793
113.08481,46.323140330668586,85.058837890625,1.9062071631669435,0.0576171874964833,0.0368652343727499,725,0.076660156245321,0.081115722651299,0.085998535151001,0.4279785155988782,0.0965576171816065,0.0565185546840503,0.0806884765575751,2939
75.34275,54.48900141531679,100.2733154296875,1.819112969067996,0.0632934570273868,0.0346069335916377,492,0.0660400390584692,0.0892333984320536,0.083984374994874,0.4194335937243998,0.1112670898369588,0.042663574216146,0.0894775390570387,3115
93.386215,30.93748441657242,55.967041015625,1.7880489618245723,0.0639648437460959,0.0327148437480032,499,0.063781738277357,0.0875244140571579,0.0748291015579327,0.4140014648184813,0.1276855468672066,0.0393066406226009,0.0961914062441289,2960
50.690563,31.210938970436853,49.21685791015625,1.5987766838593154,0.0667114257771782,0.02801513671704,281,0.0585937499964237,0.0832519531199187,0.0793457031201571,0.4519042968474179,0.1180419921802952,0.0351562499978542,0.0789794921826794,2725
79.02937,31.65338284596915,57.80975341796875,1.4615763016221883,0.062438964839939,0.021118164061211,623,0.0560302734340801,0.0791625976514183,0.0880126953071281,0.4562988280971497,0.1414184570226185,0.0283813476545177,0.0671386718709021,3094
73.73804,42.85690273328958,76.07928466796875,1.9027308469349529,0.0583496093714386,0.0429077148411311,443,0.0680541992145963,0.0834350585886575,0.0791625976514183,0.4274291991926617,0.1000976562438905,0.0524902343717962,0.0880737304633744,3025
93.19615,45.371494163646254,79.17034912109375,1.962910109746085,0.0548706054654009,0.0382080078101679,469,0.074890136714179,0.072875976558052,0.0834350585886575,0.4411010741918273,0.0892333984320536,0.0672607421833947,0.0781249999952316,2861
61.551613,38.5720477533366,53.59368896484375,1.7668840434444668,0.0632324218711406,0.0386962890601381,302,0.0517578124968409,0.0977172851502858,0.0722656249955892,0.4096679687249958,0.1281738281171769,0.0323486328105255,0.1061401367122717,2774
77.595924,44.80802098904908,79.80224609375,1.8591059691759024,0.0609130859337821,0.0365600585915185,498,0.0708007812456786,0.0848999023385681,0.0830078124949336,0.420593261693079,0.1060791015560254,0.0523071289030574,0.0848388671823218,2997
87.73948,41.76851616288389,69.602783203125,1.783289649153029,0.0563354492153115,0.0338134765604361,582,0.0654296874960064,0.0842285156198591,0.081115722651299,0.4426269530979841,0.1031494140562042,0.050231933590684,0.0830688476511798,2881
85.07396,47.12704296325622,80.017822265625,2.0138015457917127,0.064208984371081,0.048217773434557,492,0.0534667968717366,0.1089477538996003,0.0670776367146559,0.3604125976342521,0.1196899413989447,0.0350341796853616,0.1429443359287753,2854
97.15068,38.58903954129668,64.34918212890625,1.927403394980146,0.06488037108979,0.0343627929666526,564,0.0529174804655201,0.1136474609305635,0.0632934570273868,0.3613891601341925,0.1295166015545949,0.0317993164043091,0.1481933593659549,2946
92.19542,31.98706773027591,53.895263671875,1.9880776198844332,0.0690307617145366,0.044006347653564,744,0.0692138671832755,0.0859374999947547,0.0737915039017461,0.4010620116942711,0.1069335937434732,0.0511474609343782,0.098876953118965,2966
76.017,30.67645774895898,46.0426025390625,1.8673604187465576,0.0620727539024613,0.0374755859352126,369,0.0636596679648645,0.0795288085888959,0.0721435546830967,0.4240112304428704,0.1133422851493321,0.0483398437470495,0.0994262695251815,2749
129.1633,41.3172811172288,73.8680419921875,1.867124740743468,0.0600585937463343,0.0383911132789067,833,0.0712280273394025,0.0821533203074857,0.0752563476516567,0.4382324218482524,0.0999145507751517,0.052001953121826,0.0827636718699485,2769
91.90718,44.1420049539003,76.16143798828125,2.062165410324252,0.0595092773401178,0.0486450195282809,733,0.0667114257771782,0.094665527337972,0.0759277343703657,0.3853149413827322,0.1027832031187266,0.0470581054658778,0.1193847656177133,2873
69.4381,37.289335647817786,63.66778564453125,1.843194208120412,0.0672607421833947,0.0352783203103467,363,0.0523681640593037,0.1088256835871078,0.0675048828083798,0.3656616210714318,0.1429443359287753,0.0307006835918761,0.1294555663983486,2899
81.43831,43.84557940944707,78.9483642578125,1.892772634843964,0.0625610351524315,0.0400390624975562,547,0.0689086914020441,0.0829467773386873,0.0829467773386873,0.4252929687240421,0.099548339837674,0.0538940429654605,0.0838623046823814,2998
90.15997,44.42180770498425,79.48907470703125,2.0934825437155404,0.0526123046842888,0.0453491210909821,451,0.0737915039017461,0.0781860351514779,0.0874633789009116,0.420593261693079,0.0869750976509414,0.0744018554642088,0.0806274414013289,2955
77.19075,51.31555483049957,93.630126953125,1.809303650974272,0.0640869140585884,0.0348510742166228,449,0.0692749023395218,0.0861206054634936,0.0845947265573367,0.4285278320050947,0.1040649413998983,0.0501708984344378,0.0783081054639704,3057
95.54291,43.87628576945807,79.26336669921875,2.030887506176591,0.0654296874960064,0.0444335937472879,530,0.0729370117142982,0.093994140619263,0.0758666992141194,0.3913574218511134,0.1079711913996599,0.0461425781221836,0.1018676757750324,2911
71.16579,49.741404635482034,82.94049072265625,1.9011635570606749,0.0548706054654009,0.0423583984349146,401,0.0681152343708425,0.0863037109322324,0.0751953124954104,0.4342651366922445,0.0965576171816065,0.0527343749967813,0.0895996093695312,2882
117.569885,45.38627662935005,81.17156982421875,2.008414849128107,0.0698852539019845,0.0429687499973773,827,0.0646972656210511,0.0958251953066512,0.0657958984334841,0.3829345702891275,0.1184692382740192,0.0445556640597805,0.114868164055489,2921
102.139404,45.06478357133977,81.8509521484375,1.954931681355558,0.0557250976528488,0.0408325195287577,724,0.0694580078082606,0.0852661132760457,0.0861206054634936,0.4142456054434664,0.097106933587823,0.0559692382778339,0.0952758789004348,3043
66.65027,42.81242450355918,68.4459228515625,1.8490517185766315,0.064208984371081,0.036682128904011,487,0.0568237304652817,0.1021118164000175,0.070434570308201,0.3892211913824938,0.1229858398362435,0.0358276367165632,0.1217041015550717,2947
74.25356,45.18327433516999,80.2171630859375,1.7851563409919369,0.0585937499964237,0.032897949216742,451,0.0765991210890747,0.0723266601518355,0.0845336914010904,0.4547729491909928,0.0962524414003752,0.0515747070281021,0.072448730464328,2789
67.71199,33.07605317699577,56.165283203125,1.792424775557158,0.0640869140585884,0.033996582029175,403,0.0699462890582308,0.0833129882761649,0.0840454101511202,0.4291992187238037,0.1079711913996599,0.0468749999971389,0.0805664062450826,3105
74.60426,34.64907091716495,54.678466796875,2.019976849962565,0.0619506835899688,0.0463867187471687,625,0.0695190429645069,0.0920410156193822,0.0786132812452018,0.4019775390379652,0.1016235351500473,0.0534667968717366,0.0944213867129869,2922
103.569885,30.00872414392686,51.6270751953125,1.94972639769148,0.0615234374962449,0.043334960934855,714,0.0736083984330073,0.0819702148387469,0.0797119140576347,0.4274291991926617,0.0950317382754497,0.0549316406216472,0.0824584960887171,2872
73.98753,39.24902815663455,67.846923828125,1.87383485804022,0.0642700195273272,0.0341796874979138,476,0.0537109374967217,0.1109619140557274,0.0703124999957084,0.3690795898212232,0.1368408203041479,0.028442382810764,0.132202148429431,2872
91.81583,28.83143953300966,51.4361572265625,1.847488628092623,0.0638427734336033,0.036682128904011,678,0.075988769526612,0.076660156245321,0.0820922851512394,0.4440307616916485,0.0960083007753901,0.0563964843715578,0.0682983398395814,2952
80.2908,33.01270440407165,55.22406005859375,1.7592590680871056,0.061340332027506,0.0349731445291154,476,0.0702514648394622,0.0794677734326496,0.0833129882761649,0.452819824191112,0.0970458984315767,0.0457153320284597,0.0750732421829178,2880
110.7491,44.53274546701302,82.63067626953125,1.7587414034521909,0.06488037108979,0.0303955078106448,688,0.0660400390584692,0.0899658203070089,0.0793457031201571,0.4189453124744296,0.121093749992609,0.0373535156227201,0.0919799804631359,3285
73.67677,42.87973913655061,73.51458740234375,1.795590580426568,0.0535278320279829,0.0362548828102871,508,0.0681762695270888,0.0782470703077241,0.0816650390575155,0.4473876952851936,0.1022338867125101,0.0533447265592441,0.0791625976514183,2790
66.95029,49.27621668155302,75.3721923828125,2.01378173857825,0.0481567382783107,0.0443725585910417,304,0.0689697265582904,0.0823364257762245,0.0803222656200975,0.43548583981717,0.0889282226508222,0.0601196289025805,0.0913085937444269,2794
85.93562,43.87668419723062,75.73626708984375,1.8340302613825084,0.0665283203084394,0.0373535156227201,563,0.0576171874964833,0.1032104492124505,0.0761108398391045,0.3873291015388593,0.1272583007734827,0.0370483398414887,0.107543945305936,2886
103.879,48.2228228663876,83.3673095703125,1.9526763759746135,0.0582885742151923,0.0404052734350338,712,0.0697021484332457,0.0917968749943971,0.0808715820263139,0.4105224609124437,0.0983886718689948,0.0530395507780127,0.0969848632753305,2769
66.245926,41.867009450993365,72.8037109375,1.8284383184869133,0.0614013671837523,0.0357666015603169,452,0.0679321289021037,0.082214355463732,0.0839233398386277,0.4306640624737143,0.1055297851498089,0.0492553710907436,0.0833129882761649,2965
82.95681,46.86134892116103,79.68798828125,2.0156289060646966,0.0606079101525507,0.0460205078096911,487,0.0554199218716174,0.1118774413994215,0.06799316405835,0.3649291991964765,0.1187744140552505,0.0363159179665334,0.1380615234290733,2847
91.69635,39.33731860072637,68.39208984375,1.9195789624250867,0.0638427734336033,0.0409545898412503,645,0.0689697265582904,0.0798339843701273,0.0794677734326496,0.4290771484113112,0.0977172851502858,0.0550537109341397,0.0850830078073069,2811
94.56127,47.83041096953575,86.3135986328125,1.876066871446556,0.0570678710902668,0.0388793945288769,536,0.0709838867144174,0.0847778320260755,0.0808105468700677,0.4321899413798712,0.0989379882752113,0.0534057617154903,0.0829467773386873,3101
72.65816,45.85633869679891,75.494140625,1.9552594067825315,0.0576782226527296,0.0444335937472879,658,0.0646972656210511,0.0875244140571579,0.0788574218701869,0.4188842773181833,0.0960693359316363,0.0556030273403562,0.0962524414003752,2815
120.78731,41.22653131427782,70.7471923828125,1.7172733197874068,0.0657348632772378,0.0303955078106448,662,0.0569458007777743,0.0849609374948144,0.0743408203079626,0.4139404296622351,0.1354370117104835,0.0336914062479436,0.1045532226498685,2961
88.49092,48.15447491203078,84.875732421875,1.804211541273,0.0618896484337225,0.0317382812480628,592,0.0702514648394622,0.0787963867139406,0.0829467773386873,0.445251464816574,0.092651367181845,0.0537109374967217,0.0827636718699485,2979
76.23514,33.95166984262702,55.242431640625,1.716214401473407,0.0617065429649837,0.0330810546854808,444,0.0718994140581116,0.0787963867139406,0.0809326171825602,0.4509277343474775,0.1000976562438905,0.0418701171849444,0.0806884765575751,2981
83.48262,45.01325320593152,79.7259521484375,2.026458436884944,0.0539550781217068,0.0416259765599593,556,0.0722045898393429,0.0834350585886575,0.0812377929637916,0.417480468724519,0.0983276367127485,0.0628051757774166,0.0889282226508222,2907
77.974724,41.84317646388512,71.6201171875,1.7515894942531538,0.0623779296836927,0.0289916992169804,434,0.0523681640593037,0.1132812499930858,0.0725097656205743,0.3906860351324044,0.134643554679282,0.0281982421857789,0.1169433593678623,2889
71.31235,44.93527299255579,77.57379150390625,1.846667498071279,0.058227539058946,0.0361328124977946,402,0.0758666992141194,0.0753784179641492,0.0830078124949336,0.4481201171601489,0.0947875976504646,0.0573120117152519,0.0711669921831563,2964
99.12332,33.237413846673505,56.60894775390625,1.8996630987387064,0.0604858398400582,0.0399780273413099,487,0.074890136714179,0.0830078124949336,0.081115722651299,0.4274291991926617,0.1024780273374952,0.0471801757783703,0.0834350585886575,3027
79.1921,46.99047103372577,86.74853515625,1.7905169467960365,0.057556152340237,0.0368041992165036,471,0.0698242187457382,0.0819091796825006,0.082885742182441,0.4428710937229693,0.0988159179627187,0.051330566403117,0.078002929682739,2881
65.949066,45.074617700805526,75.8748779296875,1.9707107048384107,0.0631713867148943,0.0405273437475264,461,0.0612792968712598,0.0918579101506434,0.07733154296403,0.3812866210704781,0.1231689453049823,0.044677734372273,0.1166992187428772,2946
106.473595,44.70717859368898,79.81365966796875,1.7725072019607258,0.0608520507775358,0.0302124023419059,543,0.0593872070276252,0.0971679687440693,0.0758666992141194,0.4111938476311527,0.1258544921798184,0.0354003906228393,0.1040649413998983,2836
68.860664,27.56697706594,47.05419921875,1.7205092311334336,0.0698852539019845,0.0313720703105852,414,0.0686035156208127,0.0812988281200379,0.0850219726510606,0.4355468749734163,0.1112060546807125,0.045104980465997,0.0719604492143578,2802
76.144485,39.2663652226556,65.689697265625,1.7617433702786274,0.0598754882775954,0.0324707031230181,326,0.0645141601523123,0.0919799804631359,0.0802612304638512,0.4169311523183025,0.121093749992609,0.037780761716444,0.0950927734316959,2796
63.518322,42.3895999296862,62.87237548828125,2.002825670404384,0.0546264648404158,0.0458374023409523,253,0.0701904296832159,0.0861206054634936,0.0772705078077837,0.4210205077868029,0.0949096679629571,0.0555419921841099,0.0944824218692332,2805
86.41528,43.03880954774736,73.7432861328125,1.830354812441987,0.0631713867148943,0.0374755859352126,543,0.0584716796839311,0.1012573242125697,0.08044433593259,0.3938598632572107,0.1267700195235125,0.0344848632791452,0.1040649413998983,2922
82.87127,45.886516154242976,78.43731689453125,2.0020548139038072,0.053771972652968,0.041992187497437,592,0.0744628906204551,0.0798950195263736,0.0785522460889555,0.4279785155988782,0.0928955078068301,0.0596313476526103,0.0908203124944567,2886
113.80023,59.81009207622588,109.0704345703125,2.0469554459541803,0.0552368164028786,0.0459594726534448,811,0.0758666992141194,0.0787353515576943,0.0830688476511798,0.4170532226307951,0.0921630859318748,0.062438964839939,0.0894775390570387,2815
97.37714,28.57383763625603,46.9232177734375,1.794448691003164,0.0614013671837523,0.0377197265601977,614,0.0686035156208127,0.0837402343698889,0.0811767578075453,0.4418334960667826,0.1065673828059956,0.0472412109346166,0.0717163085893727,2844
91.89754,36.92955145937922,66.11175537109375,1.6329962633362038,0.0580444335902072,0.0298461914044283,703,0.0637207031211107,0.0836791992136426,0.0826416015574559,0.4572143554408438,0.1170043945241086,0.0376586914039515,0.0701904296832159,2806
80.56731,28.59579162650401,48.17608642578125,1.7453899598671998,0.0664672851521931,0.0354003906228393,761,0.0712890624956488,0.0826416015574559,0.081542968745023,0.4375610351295433,0.1052246093685776,0.0406494140600189,0.0792236328076645,2865
87.66693,48.2809540279662,84.25390625,1.9356686888761023,0.0618896484337225,0.0447998046847656,503,0.0728149414018057,0.0856933593697696,0.0810546874950528,0.4183959960682131,0.0965576171816065,0.0518798828093335,0.0869140624946951,2860
89.69718,22.724058829320025,36.7852783203125,1.670518498973688,0.0656127929647453,0.0293579101544581,473,0.0578002929652221,0.0925903320255987,0.072875976558052,0.4361572265358791,0.1251831054611094,0.0336303710916973,0.0867919921822026,3097
83.53479,32.37571507823163,50.7852783203125,1.924715375222001,0.0531005859342589,0.0422363281224221,475,0.0718383789018653,0.0789184570264332,0.0828247070261947,0.4368896484108344,0.0930175781193226,0.0538330078092142,0.0873413085884191,2856
81.13732,29.958736772482084,49.38909912109375,1.8731670083609395,0.0648193359335437,0.0404052734350338,488,0.0739746093704849,0.0764770507765822,0.0854492187447845,0.4260253905989974,0.1009521484313383,0.0532836914029978,0.0786132812452018,2916
75.67151,46.1266526937564,78.64019775390625,1.920904397688154,0.0542602539029382,0.0379028320289365,492,0.0729980468705445,0.0772094726515375,0.0845336914010904,0.4430541991917081,0.0886230468695908,0.0631713867148943,0.0782470703077241,2931
68.887794,41.87463896848422,71.7852783203125,1.8549662236355025,0.0581665039026998,0.036682128904011,435,0.0718994140581116,0.0758666992141194,0.0786743164014481,0.4506835937224924,0.0969848632753305,0.0559692382778339,0.0750732421829178,2984
51.81331,28.34027650924667,39.7242431640625,1.476489605335972,0.0627441406211704,0.0253906249984502,335,0.0401611328100487,0.0927124023380912,0.0697631835894919,0.4481811523163951,0.1454467773348726,0.0221557617173977,0.0934448242130465,2659
51.03541,38.23103031670934,56.21484375,1.72568711389047,0.0671997070271484,0.0333862304667122,258,0.058898925777655,0.0904541015569791,0.0747070312454402,0.4205322265368327,0.13287353514814,0.0316162109355703,0.0903320312444865,2918
80.29243,47.325520513320924,75.16351318359375,1.7876161446365362,0.0580444335902072,0.0317382812480628,407,0.0597534179651029,0.0955200195254199,0.066894531245917,0.4204711913805865,0.1251220703048631,0.0338134765604361,0.1086425781183689,2847
97.16597,29.22986774261304,47.76898193359375,1.5637642736478814,0.0683593749958276,0.022888183592353,711,0.0482788085908032,0.1002807617126293,0.0792236328076645,0.3971557616945095,0.161987304677613,0.0189208984363451,0.1029052734312191,2910
76.33209,52.19837095697888,94.6900634765625,1.672605074435943,0.0667114257771782,0.0314941406230777,315,0.0599365234338417,0.0934448242130465,0.0821533203074857,0.418151855443228,0.1276855468672066,0.0310058593731075,0.0894165039007924,2793
85.4389,30.38091127979157,52.61260986328125,1.8345526727656107,0.0620727539024613,0.0352172851541005,643,0.0669555664021633,0.0817871093700081,0.0783081054639704,0.4361572265358791,0.1047973632748536,0.0524902343717962,0.082214355463732,2749
73.00689,34.32351795203732,58.19561767578125,1.6918298929993505,0.0725708007768206,0.0301513671856597,458,0.0583496093714386,0.0941162109317556,0.0745849609329477,0.4226684570054523,0.1223144531175345,0.0325317382792644,0.0927124023380912,3051
72.436386,41.35266975236241,64.70050048828125,2.0033222318425548,0.0523681640593037,0.045104980465997,301,0.0695190429645069,0.0885620117133446,0.0791625976514183,0.4175415038807653,0.1013793945250623,0.0577392578089758,0.0886230468695908,2907
96.41976,44.25364109727256,76.98828125,1.9177698269816437,0.066223144527208,0.0404052734350338,521,0.0684204101520739,0.0909423828069493,0.0745849609329477,0.4098510741937347,0.1120605468681603,0.044006347653564,0.0935058593692928,2812
76.2919,24.9076297417775,38.13140869140625,1.614326297655818,0.0620117187462151,0.0299682617169208,433,0.0586547851526699,0.0869140624946951,0.074890136714179,0.4488525390351042,0.1229858398362435,0.0314941406230777,0.0842285156198591,2860
103.54718,32.28546126926014,57.076171875,1.7997606705478026,0.0604858398400582,0.0320434570292942,638,0.0711669921831563,0.084655761713583,0.0812988281200379,0.4445190429416187,0.1028442382749728,0.0477294921845868,0.0752563476516567,3073
65.47638,45.18815348097925,77.7806396484375,1.8800771295072125,0.0558471679653413,0.039550781247586,397,0.069335937495768,0.0891723632758073,0.0823974609324708,0.4169921874745488,0.1058349609310403,0.0466308593721538,0.0942382812442481,2899
89.13405,24.267964102056872,40.0006103515625,1.7367214329918497,0.0578002929652221,0.0324096679667718,398,0.0694580078082606,0.0745239257767014,0.0859374999947547,0.4620971679405458,0.0953979492129273,0.0516967773405946,0.0706787109331861,2665
66.45298,32.87630451304541,52.71856689453125,1.6909941508287112,0.0628051757774166,0.0307617187481224,342,0.0698852539019845,0.0836791992136426,0.081115722651299,0.4564819335658885,0.1003417968688756,0.0441284179660566,0.0708007812456786,2748
100.64061,43.877747585355735,77.4483642578125,1.892653684618911,0.063110351558648,0.0415039062474668,557,0.0682983398395814,0.085327148432292,0.0789184570264332,0.4183959960682131,0.1076660156184285,0.0468139648408927,0.0899658203070089,2801
85.16188,38.14321940359253,49.10198974609375,1.813198872409683,0.0687866210895516,0.0366210937477648,570,0.0515136718718558,0.1074829101496897,0.0737304687454998,0.3751831054458506,0.1354370117104835,0.0308227539043687,0.1204223632739,2934
75.695465,27.937478084683622,45.470703125,1.7649899576123227,0.0713500976518951,0.0367431640602573,522,0.0646362304648049,0.0870361328071877,0.0789794921826794,0.4298706054425127,0.1084594726496301,0.0437622070285789,0.0791625976514183,2954
69.91521,36.11100494071581,63.55706787109375,1.7064857777896285,0.0637207031211107,0.030456542966891,456,0.0611572265587672,0.090209960931994,0.0795898437451422,0.421691894505512,0.1259155273360647,0.0349731445291154,0.0922851562443673,3034
82.694275,32.541728853553934,50.27520751953125,1.9057497396230307,0.0580444335902072,0.036437988279026,444,0.0661621093709617,0.0862426757759861,0.075561523432888,0.4321899413798712,0.0997924804626591,0.0533447265592441,0.092224121088121,2921
69.33966,31.16574273082896,54.13330078125,1.6582373526144536,0.0646362304648049,0.031555175779324,367,0.0650634765585288,0.0772705078077837,0.0811767578075453,0.4547119140347466,0.1118164062431752,0.0400390624975562,0.0737304687454998,3130
83.72983,44.80186663164419,78.0225830078125,2.044792421651752,0.0587158203089162,0.0449218749972581,517,0.072875976558052,0.0831298828074261,0.0840454101511202,0.4130249023185409,0.0905151367132253,0.064453124996066,0.0883178710883595,2843
113.90111,25.760023674137702,47.940185546875,1.779271836215773,0.0604248046838119,0.0320434570292942,526,0.0783691406202167,0.070007324214477,0.0844116210885979,0.4599609374719262,0.0963134765566215,0.0532836914029978,0.0651855468710213,3213
126.26625,48.21133914604645,83.4801025390625,1.9682405306875543,0.0593872070276252,0.0407104492162652,789,0.0604858398400582,0.099548339837674,0.0668334960896708,0.3895263671637252,0.1201782226489149,0.0413208007787279,0.1220092773363031,2740
96.45901,44.878380961842375,74.80340576171875,1.948233400149958,0.0612792968712598,0.0379028320289365,513,0.0635986328086182,0.0987548828064724,0.0703124999957084,0.3978271484132185,0.1126098632743768,0.0421142578099295,0.1156005859304443,2897
64.416794,21.59879792020069,26.62445068359375,1.4129573840476022,0.0519409179655797,0.0249633789047263,245,0.0476684570283405,0.0784912109327092,0.0805664062450826,0.4926147460636831,0.1301269531170577,0.0279541015607938,0.0656738281209915,2924
81.444984,39.72488153773187,72.43597412109375,1.91119083746938,0.0610961914025209,0.0368041992165036,509,0.0672607421833947,0.0923461914006136,0.0866088867134638,0.3928833007572703,0.1161499023366607,0.0426025390598997,0.1042480468686372,3101
115.72467,22.815362545594365,38.104248046875,1.7524883693286075,0.065551757808499,0.0325927734355106,669,0.0678100585896112,0.0922851562443673,0.0809326171825602,0.4290161132550649,0.108886718743354,0.0419311523411907,0.0809936523388065,2804
79.37744,43.86823479208154,79.978515625,1.7904465761913646,0.0692749023395218,0.034667968747884,542,0.059326171871379,0.0968017578065916,0.0756835937453806,0.3931274413822554,0.135314941397991,0.0347900390603765,0.1010131835875846,3175
97.32567,22.42043961896609,38.39215087890625,1.7907682631450106,0.0618286132774762,0.0314331054668314,473,0.0673828124958872,0.0893554687445461,0.0814208984325304,0.4218139648180045,0.1128540038993619,0.0416870117162056,0.092224121088121,2887
52.144382,35.64196296275795,53.58245849609375,1.7407523000488156,0.0722656249955892,0.0350341796853616,251,0.0524902343717962,0.0960693359316363,0.0727539062455594,0.3919677734135762,0.1434936523349918,0.0314331054668314,0.1044921874936223,2876
77.90485,45.86436782148747,79.02178955078125,1.9458174853285624,0.0550537109341397,0.037780761716444,440,0.0761108398391045,0.0741577148392237,0.0844116210885979,0.4421997070042602,0.0878906249946355,0.0638427734336033,0.0785522460889555,2941
89.14912,27.687004777511103,46.79473876953125,1.8551116885075865,0.0610351562462747,0.0398559570288173,562,0.07421874999547,0.0814208984325304,0.0809936523388065,0.4331054687235653,0.0984497070252411,0.0474853515596017,0.0834350585886575,2922
74.53455,40.32563133720894,68.13262939453125,1.9265427898724252,0.0603027343713194,0.0416870117162056,442,0.0685424804645665,0.0875244140571579,0.0786132812452018,0.407043457006406,0.1036987304624207,0.0499877929656989,0.1026000976499877,2810
74.937164,42.83075222970657,67.5172119140625,1.833988569300001,0.0574951171839907,0.0388793945288769,352,0.0654907226522527,0.0814208984325304,0.0762329101515971,0.4409179687230884,0.1026000976499877,0.050231933590684,0.0867309570259563,2856
85.23529,27.533990228308596,47.06573486328125,1.8685597374035667,0.0641479492148347,0.0368652343727499,589,0.0698852539019845,0.0864257812447249,0.0838012695261351,0.4218749999742507,0.1016235351500473,0.0500488281219452,0.085327148432292,2969
74.93556,54.96513666756458,99.38946533203124,1.774183268144426,0.0641479492148347,0.036010742185302,518,0.0648193359335437,0.0889282226508222,0.0814208984325304,0.4234619140366539,0.1154785156179517,0.0399169921850636,0.0858154296822622,2970
72.33212,36.111382995145775,50.43463134765625,1.874418804204069,0.064453124996066,0.0401611328100487,235,0.0605468749963045,0.0977172851502858,0.0710449218706637,0.4065551757564358,0.1124877929618842,0.0382080078101679,0.1088256835871078,2881
61.350246,31.116848055936885,53.7613525390625,1.6476576552783295,0.068664550777059,0.0309448242168612,364,0.0680541992145963,0.0792236328076645,0.0801391601513586,0.4536743163785599,0.1104125976495109,0.0388183593726307,0.0700683593707233,3088
93.446945,26.92678457665617,35.4945068359375,1.558334097443101,0.0591430664026401,0.0239868164047859,593,0.055786132809095,0.0897216796820238,0.0836791992136426,0.4318237304423936,0.1460571288973353,0.0281982421857789,0.0816040039012692,2942
58.92967,43.44392995202835,70.84100341796875,1.9283084007970304,0.0587158203089162,0.0421752929661758,342,0.0645141601523123,0.085998535151001,0.0753784179641492,0.4195556640368924,0.1042480468686372,0.0536499023404754,0.095764160150405,2858
99.90915,43.387637080479095,77.045654296875,1.7924055623527186,0.0578613281214684,0.0338134765604361,664,0.0720214843706041,0.0764160156203359,0.079772949213881,0.457031249972105,0.0984497070252411,0.052001953121826,0.0726318359330669,3117
76.412094,42.34355804212457,74.40484619140625,1.8212678306582968,0.0590820312463939,0.0355224609353318,524,0.0720214843706041,0.0774536132765226,0.0825195312449634,0.441040039035581,0.1011352539000771,0.0525512695280425,0.0786743164014481,2820
96.84512,41.65690381190031,71.48529052734375,1.9915168464549104,0.0604248046838119,0.0435180664035938,704,0.0670166015584096,0.0946044921817258,0.0759277343703657,0.3944091796634271,0.1088256835871078,0.0466918945284001,0.1085815429621227,2937
106.51437,35.044506506527696,61.79583740234375,1.92515459208867,0.0521240234343186,0.0374145507789663,710,0.0809936523388065,0.0723876953080818,0.081542968745023,0.4588623046594932,0.0843505859323516,0.0620727539024613,0.0702514648394622,2876
83.690796,37.75922234327444,68.11578369140625,1.883828035836736,0.0634155273398794,0.0374755859352126,394,0.0738525390579924,0.0789794921826794,0.0867309570259563,0.4311523437236845,0.0963134765566215,0.0545654296841695,0.0775146484327688,2936
79.00609,42.73621251476915,73.20697021484375,1.807306622316739,0.0607910156212896,0.0367431640602573,342,0.0676269531208723,0.0819702148387469,0.0774536132765226,0.4428710937229693,0.1043701171811297,0.0516357421843484,0.0765380859328284,2857
63.159237,22.463388760944632,31.76177978515625,1.6654790869008085,0.063781738277357,0.0302734374981522,223,0.0678100585896112,0.0775756835890151,0.0829467773386873,0.4535522460660673,0.103759765618667,0.0430297851536236,0.0772705078077837,2995
120.77648,47.00624302190675,75.45684814453125,1.8533429078676875,0.0584716796839311,0.039550781247586,779,0.0664062499959468,0.0900878906195014,0.0740356445267312,0.4359741210671402,0.0985717773377336,0.0483398437470495,0.0885620117133446,2758
95.26663,32.39088349209299,52.489990234375,1.95078064604902,0.0522460937468111,0.0382690429664142,612,0.0716552734331265,0.0780639648389853,0.0830078124949336,0.4489135741913505,0.0817871093700081,0.0605468749963045,0.0855102539010308,2878
60.056717,44.2699539024621,65.40411376953125,1.827715092495896,0.0568237304652817,0.0383911132789067,282,0.064208984371081,0.0878906249946355,0.0770263671827986,0.4321289062236249,0.101318359368816,0.0431518554661162,0.0990600585877038,2860
71.55395,46.585057047931976,82.00115966796875,1.8545042920576864,0.0531005859342589,0.0364990234352722,351,0.0775146484327688,0.0762329101515971,0.0855102539010308,0.4486694335663654,0.0891723632758073,0.058898925777655,0.0744018554642088,2806
124.752625,44.3392268851996,79.50048828125,1.8753076702061624,0.0565185546840503,0.0390014648413695,716,0.0682373046833351,0.0914306640569195,0.0823974609324708,0.4224243163804672,0.107543945305936,0.0455322265597209,0.0869140624946951,3052
75.39615,26.71621601953567,41.59771728515625,1.7376190618644023,0.0569458007777743,0.0307006835918761,373,0.0682983398395814,0.0743408203079626,0.0806274414013289,0.4670410155964941,0.1004028320251219,0.0497436523407138,0.0718994140581116,2787
77.017914,20.623891733839034,29.6373291015625,1.8209187343853463,0.0635986328086182,0.0352783203103467,427,0.065551757808499,0.0913696289006732,0.0750122070266716,0.4148559570059292,0.1145629882742576,0.0437011718723326,0.0960693359316363,2937
74.30673,45.733811640552325,74.594482421875,2.077229791886422,0.0652465820272676,0.0470581054658778,395,0.0703735351519547,0.0930786132755689,0.0773925781202763,0.3829956054453738,0.1093749999933242,0.050659179684408,0.1038208007749132,2924
109.83818,46.91471465270519,82.92694091796875,2.1071873251447943,0.0585327148401774,0.0474853515596017,596,0.0795898437451422,0.0744628906204551,0.0800781249951124,0.42303466794293,0.0905761718694716,0.0672607421833947,0.0789794921826794,2943
105.46106,47.28778861721858,88.04345703125,1.8558010018240367,0.064453124996066,0.0357666015603169,629,0.0761108398391045,0.0816650390575155,0.0829467773386873,0.4277954101301394,0.1018676757750324,0.0496215820282213,0.079772949213881,2936
110.36835,41.53984330489877,73.17559814453125,2.0690167428116784,0.0616455078087374,0.0449829101535044,880,0.0781860351514779,0.0794067382764033,0.0776367187452614,0.4244995116928406,0.0875854492134042,0.0629882812461555,0.0830688476511798,2832
90.15602,48.1105051220358,85.49505615234375,1.8090027402745967,0.0598144531213492,0.0361328124977946,634,0.0721435546830967,0.075561523432888,0.0831298828074261,0.4459838866915293,0.0942993164004944,0.0527954101530276,0.0801391601513586,3023
86.82323,45.35798741828968,82.2193603515625,1.9841649413682103,0.0523681640593037,0.0405883789037726,534,0.0742797851517163,0.0802612304638512,0.0838623046823814,0.4232177734116688,0.0980834960877634,0.0590820312463939,0.0882568359321132,2922
107.33,39.40453841876339,69.19903564453125,1.9432402890498195,0.0607299804650433,0.0427856445286385,658,0.0739746093704849,0.0816040039012692,0.0817260742137618,0.4351196288796924,0.0908203124944567,0.0549926757778935,0.0782470703077241,2987
42.496853,55.3853541105608,65.95220947265625,1.902484981126562,0.0651855468710213,0.0374755859352126,244,0.0487670898407734,0.1073608398371972,0.0640258789023421,0.3410034179479368,0.1573486328028962,0.0267333984358683,0.1520996093657165,2875
58.401054,53.509868404655776,79.45849609375,2.092828622881354,0.066223144527208,0.0548706054654009,211,0.0639038085898496,0.0959472656191438,0.0744018554642088,0.3815917968517094,0.104431152337376,0.0529785156217664,0.1056518554623015,2838
56.55989,16.735102795175873,23.01898193359375,1.1965294994468865,0.041992187497437,0.0156249999990463,264,0.0455932617159672,0.0708618164019249,0.0783081054639704,0.5404663085607625,0.1383666992103047,0.0205688476549945,0.048217773434557,3065
83.07881,34.89062219401714,60.71038818359375,1.9398304998236504,0.0618286132774762,0.0421752929661758,509,0.070434570308201,0.0781860351514779,0.0813598632762841,0.4311523437236845,0.0961914062441289,0.060668945308797,0.078002929682739,2913
83.95464,27.158700408827062,41.0986328125,1.732589568013998,0.0606079101525507,0.0300292968731671,467,0.0604858398400582,0.0968017578065916,0.081115722651299,0.4127197265373096,0.1249999999923706,0.0349731445291154,0.0982666015565022,2868
122.609344,42.04841102266713,75.739990234375,2.030867674708964,0.0641479492148347,0.0423583984349146,641,0.064208984371081,0.100646972650107,0.0726928710893131,0.3739624023209251,0.1218872070238105,0.0442504882785491,0.1158447265554293,2944
75.95027,46.55056924424355,75.66070556640625,1.9088742838542176,0.0535888671842291,0.0397949218725711,599,0.0701293945269696,0.0769653320265524,0.0806274414013289,0.4431762695042006,0.0882568359321132,0.0592651367151327,0.0881958007758669,2777
90.533424,23.21062947615845,35.99591064453125,1.748101495187464,0.0546874999966621,0.0309448242168612,500,0.0698852539019845,0.0823364257762245,0.0819702148387469,0.4510498046599701,0.1007080078063532,0.0476074218720942,0.0808105468700677,2700
58.6755,39.7813422776221,59.7872314453125,1.862515943545633,0.0595703124963641,0.0397949218725711,335,0.0670166015584096,0.0856323242135234,0.0783081054639704,0.4265136718489676,0.1054687499935626,0.0485839843720346,0.089111328119561,2782
64.24562,31.174515706501555,55.244140625,1.687098682632055,0.0686035156208127,0.0296630859356895,457,0.0593872070276252,0.0922851562443673,0.081115722651299,0.4053344726315103,0.1425781249912977,0.0291748046857193,0.0918579101506434,3026
86.55177,43.5880204470722,75.3228759765625,2.0285415328926315,0.0541381835904456,0.0416259765599593,437,0.0714721679643876,0.0780639648389853,0.0816650390575155,0.4239501952866241,0.092651367181845,0.0639038085898496,0.0925292968693524,2946
88.32928,41.03417804247476,71.163330078125,1.895402379402,0.0659790039022229,0.0423583984349146,577,0.0656127929647453,0.0896606445257775,0.0748291015579327,0.4160766601308547,0.1079101562434136,0.0441284179660566,0.0934448242130465,2910
151.12564,41.55738895722464,73.26898193359375,2.07546081458208,0.0546264648404158,0.0430297851536236,957,0.0809326171825602,0.0720825195268504,0.0856323242135234,0.4393310546606853,0.0838623046823814,0.0684814453083202,0.0720214843706041,2606
64.87077,42.59478200934274,72.081787109375,1.8225206393879425,0.0604248046838119,0.0363769531227797,505,0.0685424804645665,0.076660156245321,0.0784912109327092,0.444580078097865,0.1016845703062936,0.0520629882780723,0.0811767578075453,2955
87.82297,41.16738609326404,68.55047607421875,1.9141258848634928,0.0510864257781319,0.0377197265601977,561,0.0706787109331861,0.0722656249955892,0.0816040039012692,0.4534912109098211,0.0854492187447845,0.0664062499959468,0.0812988281200379,2862
77.08999,51.570888807326966,95.372314453125,1.6807617795818783,0.0658569335897304,0.0307006835918761,334,0.0573120117152519,0.0928955078068301,0.0799560546826198,0.4100341796624734,0.1357421874917149,0.0316162109355703,0.0958862304628975,3283
86.84946,41.47938493320728,72.16680908203125,1.9027036759757063,0.0641479492148347,0.0396728515600785,450,0.0697631835894919,0.082885742182441,0.07733154296403,0.4234619140366539,0.1010131835875846,0.0531005859342589,0.0886230468695908,2912
98.096146,45.98207807487307,79.19732666015625,1.906394905115968,0.0552368164028786,0.0383911132789067,638,0.0712890624956488,0.0850219726510606,0.0764160156203359,0.4321289062236249,0.0972290039003156,0.0522460937468111,0.0920410156193822,2969
71.39722,32.60847058776183,52.0352783203125,1.8813219882050267,0.0601806640588268,0.041564941403713,568,0.0635986328086182,0.0945434570254795,0.0714111328081414,0.4139404296622351,0.1158447265554293,0.0397949218725711,0.0991210937439501,2950
88.15639,39.343579457627705,70.0189208984375,1.7173117797128477,0.0560302734340801,0.0303955078106448,600,0.0664672851521931,0.082885742182441,0.08666992186971,0.4447631835666038,0.1083374023371376,0.0444335937472879,0.0800170898388661,3021
95.70623,48.79997498067523,86.373291015625,1.965720545381921,0.063781738277357,0.0449829101535044,743,0.0694580078082606,0.0819702148387469,0.0767822265578135,0.408813476537548,0.1080932617121525,0.0510864257781319,0.0950317382754497,2846
114.74725,40.9623177757563,70.55084228515625,2.061384534573014,0.0490112304657585,0.0421752929661758,441,0.0745849609329477,0.0793457031201571,0.0805664062450826,0.4301757812237441,0.090881347650703,0.0688476562457978,0.0844116210885979,2746
79.15567,48.07619086863197,85.49212646484375,1.736859058038854,0.055786132809095,0.032226562498033,432,0.0670776367146559,0.0798950195263736,0.0857543945260159,0.4553222655972093,0.0984497070252411,0.0518188476530872,0.0736694335892535,2822
76.61443,30.96692969475072,45.4915771484375,1.8471572651187171,0.0650634765585288,0.0403442382787875,386,0.0614624023399986,0.0816040039012692,0.0741577148392237,0.4290771484113112,0.1033935546811893,0.0485839843720346,0.0963134765566215,2817
67.76867,37.73632047526859,66.7923583984375,1.525150392655851,0.0654296874960064,0.0251464843734651,300,0.0549926757778935,0.0853881835885383,0.0775146484327688,0.4468383788789771,0.1408081054601557,0.0296020507794432,0.0742797851517163,3011
77.19139,44.07874744642451,76.600341796875,2.034143277674296,0.0589599609339013,0.0424804687474072,519,0.0733642578080221,0.0832519531199187,0.0801391601513586,0.4147338866934366,0.0960083007753901,0.0615234374962449,0.089538574213285,2931
101.22375,20.393331581838577,29.56695556640625,1.5337761965848815,0.0603637695275656,0.0217285156236737,686,0.0597534179651029,0.0866088867134638,0.0861206054634936,0.4439697265354022,0.1339111328043267,0.0302124023419059,0.07733154296403,3197
69.972336,42.31198527123055,67.309326171875,1.7469712970262017,0.0674438476521335,0.030456542966891,457,0.0473632812471091,0.1047973632748536,0.0688476562457978,0.3769531249769926,0.1507568359282985,0.0254516601546965,0.1279296874921918,2844
80.4476,47.91221255054602,79.8009033203125,1.927152896003803,0.0591430664026401,0.0468139648408927,537,0.0673828124958872,0.0817260742137618,0.0745849609329477,0.4332885741923041,0.0944213867129869,0.0515136718718558,0.0911254882756881,2720
60.63607,48.67644401152205,66.69146728515625,1.888040993376478,0.0577392578089758,0.0411376953099891,256,0.0621337890587076,0.0880126953071281,0.0747070312454402,0.4291992187238037,0.105102539056085,0.050231933590684,0.0917358398381508,2724
81.3215,36.41339252376719,65.17633056640625,1.809313892061771,0.0600585937463343,0.0347900390603765,434,0.0670166015584096,0.0872802734321728,0.0803833007763437,0.4263916015364751,0.1114501953056976,0.0455322265597209,0.087097167963434,2973
47.190292,30.71977396720442,51.2587890625,1.4954010209805415,0.0689086914020441,0.0227661132798604,287,0.0570068359340205,0.0823974609324708,0.0849609374948144,0.4415893554417975,0.1434326171787455,0.0250854492172189,0.0738525390579924,2946
95.039925,35.11931920307162,62.69451904296875,1.868583556540738,0.0628051757774166,0.0367431640602573,489,0.0761108398391045,0.0780639648389853,0.0817871093700081,0.4414672851293049,0.093322753900554,0.0529785156217664,0.0767211914015673,3153
103.40871,28.47363979839165,47.55303955078125,1.817598313896581,0.0640258789023421,0.039550781247586,614,0.0675048828083798,0.0867309570259563,0.0805053710888363,0.4322509765361175,0.1043701171811297,0.0454711914034746,0.0795898437451422,2834
103.74029,36.803931882934336,64.87371826171875,1.7102306305072807,0.0703735351519547,0.0280761718732863,701,0.0551757812466323,0.0958862304628975,0.0714721679643876,0.3964843749758005,0.1400146484289541,0.029785156248182,0.1127319335868693,2930
66.66633,45.78586393901633,79.24041748046875,1.8104508546560327,0.0618286132774762,0.0383911132789067,413,0.0727539062455594,0.0789184570264332,0.0808715820263139,0.4451293945040814,0.0922851562443673,0.0503540039031766,0.0794677734326496,2764
80.96798,36.87083236082562,65.36798095703125,1.794924852028461,0.0623168945274464,0.0329589843729883,497,0.0681152343708425,0.0892333984320536,0.078002929682739,0.4284057616926022,0.1122436523368991,0.0411987304662354,0.0875244140571579,2872
81.033325,31.32401034090437,53.11285400390625,1.7965103712025483,0.0641479492148347,0.0343627929666526,499,0.0640869140585884,0.0817871093700081,0.0805053710888363,0.4313354491924233,0.1086425781183689,0.0473632812471091,0.087768554682143,2966
94.19935,33.7384201475696,59.90142822265625,1.8990684424955608,0.0578002929652221,0.0387573242163844,766,0.0723266601518355,0.079101562495172,0.0799560546826198,0.4224243163804672,0.1035766601499281,0.0541381835904456,0.0919189453068897,2930
121.49968,56.12327750553385,94.282958984375,1.864835102571712,0.0571899414027594,0.0417480468724519,589,0.0701904296832159,0.0731811523392833,0.078002929682739,0.4572753905970901,0.0898437499945163,0.0553588867153711,0.0772094726515375,2651
90.582565,39.29736184028116,71.07415771484375,1.81626240558592,0.0604858398400582,0.0357055664040707,688,0.0703735351519547,0.0756225585891343,0.078430175776463,0.4420776366917677,0.1088256835871078,0.0527954101530276,0.0756835937453806,3068
122.188644,50.015787582250894,93.32891845703124,1.9876368329045768,0.0653686523397602,0.0417480468724519,746,0.0706176757769398,0.087768554682143,0.0753784179641492,0.3953857421633676,0.1151123046804741,0.0469360351533852,0.1016845703062936,2949
77.798096,46.67226450995907,79.16888427734375,2.0138927446609483,0.056884765621528,0.0452880859347358,527,0.0704956054644472,0.0858764648385085,0.0759277343703657,0.4210815429430492,0.0953369140566811,0.0584716796839311,0.0906372070257179,2806
87.9592,43.61039469276641,77.18084716796875,1.9738391550471397,0.0596923828088566,0.0415039062474668,637,0.0763549804640896,0.0802612304638512,0.0805053710888363,0.4307250976299606,0.0909423828069493,0.0574951171839907,0.0825195312449634,2979
72.71975,48.44364243196181,84.84197998046875,1.9528296202531776,0.0608520507775358,0.0443725585910417,485,0.0672607421833947,0.0898437499945163,0.0761108398391045,0.41369628903725,0.1013793945250623,0.0515136718718558,0.0949707031192034,2904
